index,year,lat,long,ha,month
0,2012,52.745783333333335,-124.37698333333333,1.8217141767087546,7
1,2012,52.69748333333333,-123.01011666666666,1.4043435019524713,7
2,2012,53.05265,-122.967,2.0174434037581337,10
3,2012,52.512883333333335,-122.44381666666666,1.5704298645466555,3
4,2012,52.12793333333333,-121.91506666666666,1.790777315853574,4
5,2012,52.1,-121.98333333333333,2.128470270945108,4
6,2012,52.107166666666664,-121.99638333333333,1.4950240494897942,4
7,2012,51.91616666666667,-122.66865,2.527556026999512,5
8,2012,51.82595,-121.86248333333333,2.803299539521341,7
9,2012,52.15105,-122.31326666666666,1.2918396137574495,7
10,2012,51.921166666666664,-122.5895,1.8894061422082618,9
11,2012,51.1559,-121.9608,1.3284304196026173,5
12,2012,51.5771,-121.8551,1.7614902557935153,7
13,2012,51.219966666666664,-122.08753333333334,2.8909695766103884,8
14,2012,52.04115,-123.20701666666666,1.690230669351979,4
15,2012,52.14476666666667,-123.92801666666666,1.628613614460903,5
16,2012,52.025483333333334,-123.64891666666666,2.341495163355031,5
17,2012,51.47958333333333,-123.84145,1.7391318476100757,5
18,2012,52.1498,-123.8561,1.6346102462627485,7
19,2012,51.978366666666666,-123.1457,1.743706653924275,9
20,2012,52.11078333333333,-123.25143333333334,2.6356693153347526,10
21,2012,53.93685,-122.70466666666667,1.4696591682055227,5
22,2012,54.01291666666667,-124.25096666666667,2.1446458925732568,4
23,2012,54.634433333333334,-125.38326666666667,1.8894061422082618,8
24,2012,55.0951,-123.50641666666667,2.279086962195904,7
25,2012,58.47918333333333,-126.53636666666667,2.909029001366662,8
26,2012,58.370383333333336,-126.21695,3.0875284049093645,8
27,2012,58.522483333333334,-126.89395,1.7700868843856552,8
28,2012,55.1703,-123.9698,2.2556159727489833,9
29,2012,55.716566666666665,-121.2164,1.9643457790658274,4
30,2012,55.71225,-121.49015,2.3888999464557137,5
31,2012,55.644133333333336,-121.58206666666666,1.6796940931587387,5
32,2012,56.07868333333333,-120.63428333333333,2.659326350217031,5
33,2012,55.87775,-120.66358333333334,1.946399352541404,5
34,2012,55.11383333333333,-120.90345,2.3342660053549613,5
35,2012,55.90423333333333,-121.28686666666667,1.526752314088462,5
36,2012,55.885466666666666,-120.4668,1.603732463194718,5
37,2012,56.07731666666667,-120.93293333333334,1.4782735039082686,5
38,2012,56.16518333333333,-120.8854,2.0847731458462677,9
39,2012,55.54075,-120.07456666666667,2.0966995297218096,9
40,2012,56.13348333333333,-120.05808333333333,1.2918396137574495,4
41,2012,56.544466666666665,-120.3536,1.7055383410544462,5
42,2012,56.52023333333333,-121.89811666666667,1.2918396137574495,5
43,2012,56.5764,-120.38566666666667,1.4334752360252674,5
44,2012,56.51421666666667,-121.94813333333333,1.4142580908651883,5
45,2012,56.28811666666667,-120.7947,2.155893319428954,5
46,2012,56.261116666666666,-120.7109,1.6405219335130983,5
47,2012,57.21066666666667,-121.00915,2.0065903389099353,5
48,2012,57.441833333333335,-121.16833333333334,1.8924829251770687,5
49,2012,56.41,-122.19083333333333,2.0174434037581337,5
50,2012,58.31255,-120.5313,2.1934578537619602,5
51,2012,56.5764,-120.38566666666667,2.597042261725298,7
52,2012,57.49301666666667,-121.17985,2.3580675055607343,8
53,2012,57.53033333333333,-120.15463333333334,1.8894061422082618,8
54,2012,57.179233333333336,-120.68668333333333,1.628613614460903,8
55,2012,57.97395,-120.9617,2.977542054854132,8
56,2012,57.559333333333335,-120.0737,3.2610782479677196,8
57,2012,58.13665,-121.64483333333334,1.4867267027325657,8
58,2012,57.22578333333333,-120.78868333333334,2.9845811311906183,8
59,2012,56.56978333333333,-120.70808333333333,1.6100916771567348,9
60,2012,56.881166666666665,-120.286,2.5076491700803167,9
61,2012,58.16983333333334,-120.77443333333333,2.696894609160058,9
62,2012,58.87598333333333,-120.30336666666666,2.075971434959513,5
63,2012,59.178266666666666,-121.1203,1.6520988676672403,5
64,2012,58.96275,-121.362,2.109798770804274,5
65,2012,59.52158333333333,-120.13676666666667,1.8571132684242284,6
66,2012,59.04245,-121.42171666666667,2.135928856434805,6
67,2012,59.35373333333333,-120.26671666666667,1.782634111574548,6
68,2012,59.80883333333333,-120.83083333333333,3.278202105523596,7
69,2012,58.88485,-121.23726666666667,1.5343415659622208,7
70,2012,58.86735,-121.20485,1.7391318476100757,7
71,2012,58.904716666666666,-121.10016666666667,2.117715547419237,7
72,2012,58.950116666666666,-120.39923333333333,1.9302444193028285,7
73,2012,58.88385,-121.23545,3.1389820278857417,7
74,2012,58.87695,-128.1039,2.635474191142258,7
75,2012,59.48956666666667,-120.37135,1.5418019938343004,7
76,2012,59.41438333333333,-123.0603,1.2918396137574495,7
77,2012,59.12315,-120.1828,1.7345033285629567,7
78,2012,59.589416666666665,-123.67321666666666,3.1865790500526003,7
79,2012,59.52045,-123.73616666666666,3.141544840271272,6
80,2012,58.80608333333333,-125.21223333333333,2.680833932756385,7
81,2012,59.212783333333334,-121.9618,1.8104066673775685,7
82,2012,58.85585,-124.98203333333333,2.303193415982758,7
83,2012,59.34043333333333,-120.98136666666667,2.387116508064121,7
84,2012,59.34043333333333,-120.96078333333334,1.690230669351979,7
85,2012,59.89625,-121.66176666666667,3.039866537842398,7
86,2012,58.35261666666667,-121.4504,1.4696591682055227,7
87,2012,59.787933333333335,-122.24036666666667,1.8800154570796663,7
88,2012,59.66035,-120.34158333333333,2.0777513160536203,7
89,2012,59.960166666666666,-127.01048333333334,3.007763561336435,7
90,2012,59.59041666666667,-121.71066666666667,2.1314754603441917,7
91,2012,59.875366666666665,-124.79006666666666,3.1042700101580305,8
92,2012,59.69115,-126.75668333333333,1.304342934438401,8
93,2012,58.36266666666667,-122.064,3.221459604818943,8
94,2012,58.861133333333335,-127.6108,2.663929458588944,8
95,2012,59.220216666666666,-127.66646666666666,3.1568766442797918,8
96,2012,59.48025,-125.56275,2.3342660053549613,8
97,2012,58.388,-122.23345,1.4239661588108132,8
98,2012,59.06693333333333,-121.52745,2.272713043002867,8
99,2012,59.8403,-121.54671666666667,2.9901477345052463,8
100,2012,58.51793333333333,-127.28576666666666,3.0174082299289955,8
101,2012,59.3315,-128.22778333333332,3.159466222331118,8
102,2012,59.38145,-128.20498333333333,2.759300339049693,8
103,2012,59.82,-127.72,2.428754944366754,8
104,2012,58.99413333333333,-120.62556666666667,3.322756992445877,9
105,2012,58.1366,-123.95236666666666,3.1397842483841023,9
106,2012,57.85033333333333,-123.94775,3.1373320942589653,9
107,2012,50.79371666666667,-120.18795,1.757119626144799,4
108,2012,50.709383333333335,-121.30418333333333,1.5634479216299741,4
109,2012,50.75845,-121.55988333333333,1.4519246220142419,9
110,2012,50.8429,-120.34193333333333,1.603732463194718,9
111,2012,50.671733333333336,-120.91528333333333,2.1934578537619602,9
112,2012,50.343983333333334,-120.41148333333334,1.8571132684242284,10
113,2012,50.77878333333334,-120.36016666666667,1.3942144452003404,3
114,2012,50.25375,-119.3576,2.2384498572137272,8
115,2012,50.084666666666664,-119.26208333333334,1.6346102462627485,8
116,2012,50.605716666666666,-118.57553333333334,2.2506748174023254,8
117,2012,50.09093333333333,-119.05365,1.9693065820392472,8
118,2012,50.45976666666667,-119.40678333333334,1.8894061422082618,9
119,2012,49.21156666666667,-119.84166666666667,1.3942144452003404,6
120,2012,49.97358333333333,-119.49963333333334,2.1403184647327147,7
121,2012,49.80843333333333,-119.74446666666667,2.7542841686535335,9
122,2012,49.213816666666666,-119.79831666666666,1.8736171998278988,9
123,2012,49.869883333333334,-119.3073,2.2948272270725956,9
124,2012,49.31795,-119.641,2.1810332991253487,9
125,2012,49.1461,-119.72473333333333,1.9357125833767832,10
126,2012,49.3676,-119.68105,1.5190302272140597,10
127,2012,49.91251666666667,-120.82651666666666,1.6520988676672403,4
128,2012,49.34158333333333,-120.04825,1.7250805889625587,4
129,2012,50.46405,-121.278,2.627709179706143,4
130,2012,50.46405,-121.27815,2.3268321971202153,4
131,2012,50.49665,-121.25821666666667,1.4142580908651883,4
132,2012,50.15688333333333,-120.86405,2.393012549557756,4
133,2012,50.13855,-120.86711666666666,1.4519246220142419,4
134,2012,50.147166666666664,-121.01251666666667,2.0401395271950555,4
135,2012,50.49805,-121.24205,1.8179825575042183,4
136,2012,49.759166666666665,-120.8066,2.6806799295164416,7
137,2012,50.16558333333333,-120.42508333333333,2.1460748201034536,7
138,2012,50.29901666666667,-120.36896666666667,1.4950240494897942,7
139,2012,50.15938333333333,-120.342,2.0300161386245863,7
140,2012,50.15176666666667,-120.7113,1.6405219335130983,7
141,2012,50.29813333333333,-119.94861666666667,1.8894061422082618,8
142,2012,50.31231666666667,-120.43048333333333,2.311307678515606,8
143,2012,49.95288333333333,-121.09253333333334,2.0174434037581337,8
144,2012,49.6225,-120.17283333333333,1.8894061422082618,8
145,2012,49.59525,-120.64961666666666,1.304342934438401,8
146,2012,49.73148333333334,-121.08886666666666,1.5704298645466555,8
147,2012,50.76083333333333,-121.83261666666667,2.168065279544814,4
148,2012,50.890166666666666,-122.70203333333333,2.125435481811488,5
149,2012,50.842933333333335,-121.70603333333334,2.6560191730359985,5
150,2012,50.40891666666667,-121.66073333333334,2.227843848543589,8
151,2012,50.51305,-121.4755,1.7391318476100757,8
152,2012,49.52316666666667,-115.567,2.488162314301243,4
153,2012,49.0968,-115.21803333333334,1.3513782257293097,8
154,2012,49.62488333333334,-116.6048,2.187310958289185,9
155,2012,49.4658,-115.4488,1.2918396137574495,3
156,2012,49.6619,-115.59013333333333,1.6100916771567348,3
157,2012,50.27451666666666,-116.14333333333333,2.3829052193030655,5
158,2012,50.9319,-115.85321666666667,2.9420748546915343,8
159,2012,50.33736666666667,-116.03473333333334,2.109798770804274,8
160,2012,50.39098333333333,-115.48615,2.2384498572137272,8
161,2012,49.5383,-118.901,2.892637224346372,9
162,2012,51.05266666666667,-116.24228333333333,1.829068026881424,8
163,2012,51.19788333333333,-117.86795,1.5563515716980234,8
164,2012,50.819116666666666,-118.22226666666667,1.5343415659622208,8
165,2012,50.27375,-118.18913333333333,2.217950163593886,9
166,2012,49.184466666666665,-118.44776666666667,1.8736171998278988,4
167,2012,49.0836,-119.00028333333333,1.5634479216299741,4
168,2012,49.35626666666667,-118.8726,1.3732788711649304,8
169,2012,49.186733333333336,-118.4522,1.7105141745026486,9
170,2012,49.055166666666665,-116.38735,2.384718702235228,8
171,2012,49.92503333333333,-117.01446666666666,1.690230669351979,8
172,2012,49.85523333333333,-117.00063333333334,1.2918396137574495,9
173,2012,49.16891666666667,-116.39846666666666,1.8571132684242284,9
174,2012,53.198483333333336,-125.58998333333334,3.241624715114989,8
175,2012,54.03143333333333,-127.70655,3.1338540191662028,8
176,2012,59.4419,-129.08751666666666,3.1746213395729,8
177,2012,59.466966666666664,-129.04206666666667,1.2918396137574495,8
178,2012,59.5233,-128.78775,2.2546346821008,8
179,2012,49.8815,-123.06241666666666,2.3342660053549613,8
180,2012,50.57333333333333,-122.8583,2.647033454061242,8
181,2012,49.85196666666667,-123.8649,1.690230669351979,8
182,2012,50.201633333333334,-124.84881666666666,1.2918396137574495,9
183,2012,48.62995,-123.81638333333333,1.864797524754489,9
184,2012,49.777,-125.63746666666667,2.832820990360633,8
185,2012,50.03563333333334,-125.97778333333333,2.135928856434805,8
186,2012,50.818666666666665,-125.40733333333333,1.8217141767087546,9
187,2013,53.000083333333336,-123.624,1.9045334001554646,4
188,2013,53.16215,-121.82683333333334,1.304342934438401,8
189,2013,53.130583333333334,-120.8688,2.3580675055607343,8
190,2013,53.07985,-121.695,1.6796940931587387,8
191,2013,51.91405,-122.53006666666667,2.8244732178609335,4
192,2013,52.10381666666667,-121.99565,2.3268321971202153,4
193,2013,52.00673333333334,-122.47673333333333,2.8955083225862905,4
194,2013,51.6551,-122.29395,1.5907210097862334,4
195,2013,52.07848333333333,-122.36036666666666,1.743706653924275,8
196,2013,51.76355,-122.58408333333334,1.628613614460903,8
197,2013,52.04573333333333,-121.85356666666667,1.4142580908651883,9
198,2013,52.803266666666666,-120.44766666666666,2.311307678515606,8
199,2013,51.4207,-121.9926,1.7867273162270028,4
200,2013,51.41433333333333,-122.16383333333333,1.442792464155531,8
201,2013,51.18448333333333,-121.05251666666666,1.3513782257293097,8
202,2013,51.24135,-121.35018333333333,1.790777315853574,8
203,2013,51.60576666666667,-121.9674,1.4142580908651883,8
204,2013,52.13345,-123.9702,2.109798770804274,4
205,2013,52.11253333333333,-123.22668333333333,1.6520988676672403,4
206,2013,51.4156,-124.07605,1.782634111574548,4
207,2013,52.00405,-123.1389,1.4043435019524713,4
208,2013,52.001083333333334,-123.15545,1.4519246220142419,4
209,2013,51.99775,-123.1514,1.2918396137574495,4
210,2013,51.728233333333336,-124.19153333333334,2.6834326420477748,5
211,2013,52.72931666666667,-125.1,3.051345888468245,8
212,2013,52.437133333333335,-125.39431666666667,1.2918396137574495,10
213,2013,54.05758333333333,-122.91036666666666,2.079521331511577,5
214,2013,53.77863333333333,-122.62716666666667,1.8571132684242284,5
215,2013,53.53646666666667,-121.46763333333334,1.3732788711649304,7
216,2013,53.85183333333333,-122.97815,1.6796940931587387,7
217,2013,53.45605,-121.85058333333333,2.883651550851764,8
218,2013,53.870733333333334,-120.79043333333334,2.5692321695778606,8
219,2013,53.654983333333334,-120.16833333333334,1.9329891390961604,8
220,2013,52.956466666666664,-120.00445,2.8814247158420487,8
221,2013,52.9697,-119.85105,1.2918396137574495,8
222,2013,52.95263333333333,-120.05961666666667,2.6395314867118667,8
223,2013,53.6068,-124.65715,1.6346102462627485,8
224,2013,54.280116666666665,-124.8334,2.812043857635662,8
225,2013,53.80956666666667,-123.43683333333334,1.690230669351979,8
226,2013,54.56701666666667,-124.49578333333334,1.4142580908651883,5
227,2013,55.20195,-123.62646666666667,1.4239661588108132,8
228,2013,56.1155,-122.32615,2.0847731458462677,4
229,2013,55.61761666666666,-121.84311666666666,2.227843848543589,4
230,2013,55.7849,-121.00171666666667,2.3748925851888765,5
231,2013,55.78646666666667,-120.22466666666666,2.5692321695778606,5
232,2013,55.7409,-120.40533333333333,2.355378113355291,5
233,2013,55.53545,-120.06781666666667,2.286194853003831,5
234,2013,55.19688333333333,-121.70765,2.503299023604874,5
235,2013,55.59831666666667,-120.21586666666667,2.4205570487224097,5
236,2013,55.86893333333333,-121.59781666666666,1.6346102462627485,5
237,2013,55.99163333333333,-121.26578333333333,2.5692321695778606,5
238,2013,55.67028333333333,-120.01121666666667,2.0174434037581337,5
239,2013,55.498216666666664,-120.54891666666667,1.829068026881424,5
240,2013,56.05116666666667,-122.11165,1.3732788711649304,9
241,2013,56.265,-122.06801666666667,1.8571132684242284,5
242,2013,56.15763333333334,-120.72326666666666,2.2384498572137272,5
243,2013,56.22821666666667,-121.41551666666666,1.8468431735487822,5
244,2013,56.27125,-121.23676666666667,1.7614902557935153,5
245,2013,58.55286666666667,-120.73088333333334,1.684996544619388,9
246,2013,59.383,-120.17801666666666,2.3829052193030655,5
247,2013,59.029783333333334,-121.14015,1.8026760246163673,5
248,2013,59.92476666666666,-120.92223333333334,2.449957793070482,6
249,2013,59.316316666666665,-121.92611666666667,2.749848375667599,6
250,2013,59.676833333333335,-122.20893333333333,1.442792464155531,6
251,2013,59.30328333333333,-125.20763333333333,1.442792464155531,6
252,2013,59.395833333333336,-126.62783333333333,3.0304411461180045,6
253,2013,59.40388333333333,-121.77361666666667,1.752699491777898,6
254,2013,59.107616666666665,-121.17971666666666,1.946399352541404,7
255,2013,52.491233333333334,-119.41401666666667,2.4834179604297524,7
256,2013,52.3481,-119.13328333333334,1.829068026881424,8
257,2013,52.6207,-120.22671666666666,2.175913649948688,8
258,2013,52.5266,-119.52126666666666,1.9814033018873738,8
259,2013,52.06458333333333,-118.9712,2.4424633873707697,8
260,2013,52.78605,-120.18691666666666,2.992447043923018,8
261,2013,52.5505,-119.89508333333333,1.9357125833767832,8
262,2013,52.463566666666665,-120.1801,1.3732788711649304,8
263,2013,52.620916666666666,-120.24248333333334,2.474041569302544,9
264,2013,50.887683333333335,-121.40286666666667,1.919046744561285,4
265,2013,50.7884,-120.96305,1.8894061422082618,4
266,2013,50.57553333333333,-120.44035,1.584063360408557,4
267,2013,50.573566666666665,-121.28233333333333,3.07148878995065,4
268,2013,50.807833333333335,-120.99118333333334,1.690230669351979,4
269,2013,50.584383333333335,-120.4457,2.1810332991253487,5
270,2013,51.183233333333334,-119.82378333333334,1.8065610402294277,5
271,2013,50.8147,-120.94526666666667,2.488162314301243,5
272,2013,50.52011666666667,-120.91736666666667,1.9074837422446365,7
273,2013,50.71391666666667,-121.29861666666666,1.9218796019898787,7
274,2013,50.7531,-120.61753333333333,2.438141906851663,7
275,2013,50.91961666666667,-120.17551666666667,2.462090099492627,8
276,2013,50.87375,-118.42778333333334,1.9717603732977877,8
277,2013,50.222433333333335,-119.30436666666667,1.9133122266770268,8
278,2013,49.03861666666667,-119.42561666666667,2.4205570487224097,6
279,2013,49.298183333333334,-119.62595,2.463400288045996,7
280,2013,49.073483333333336,-119.57823333333333,1.8863029095111505,8
281,2013,49.6345,-120.14316666666667,1.4239661588108132,6
282,2013,50.0995,-120.51358333333333,1.4950240494897942,7
283,2013,50.487716666666664,-121.29446666666666,2.125435481811488,8
284,2013,49.52715,-120.48078333333333,1.690230669351979,3
285,2013,50.598533333333336,-122.46106666666667,1.4950240494897942,4
286,2013,50.8653,-122.67648333333334,1.628613614460903,8
287,2013,50.35075,-121.39306666666667,1.3165353733610539,8
288,2013,50.384116666666664,-121.6684,2.109798770804274,3
289,2013,49.61278333333333,-115.64261666666667,1.4782735039082686,4
290,2013,49.26898333333333,-115.19256666666666,1.8604740196895004,4
291,2013,49.65991666666667,-115.69221666666667,2.627709179706143,4
292,2013,49.200466666666664,-115.15805,1.8065610402294277,9
293,2013,50.50148333333333,-115.6117,1.9045334001554646,5
294,2013,50.650333333333336,-115.60741666666667,1.5343415659622208,7
295,2013,51.693333333333335,-118.53633333333333,1.9357125833767832,7
296,2013,51.177233333333334,-117.72143333333334,2.068751268013805,8
297,2013,51.141216666666665,-117.80028333333334,1.4782735039082686,8
298,2013,52.21306666666667,-118.222,1.8026760246163673,8
299,2013,51.66178333333333,-116.93111666666667,1.4867267027325657,8
300,2013,51.685833333333335,-117.7071,1.946399352541404,9
301,2013,49.62421666666667,-117.63295,2.4424633873707697,7
302,2013,50.7345,-117.57026666666667,1.2918396137574495,8
303,2013,50.9301,-117.51646666666667,1.4043435019524713,8
304,2013,49.99483333333333,-117.44925,2.2384498572137272,8
305,2013,50.38681666666667,-118.14181666666667,2.286194853003831,10
306,2013,50.38731666666666,-118.185,2.2053781793860376,10
307,2013,50.950183333333335,-117.23266666666666,1.752699491777898,7
308,2013,50.54605,-116.96591666666667,2.743676688564923,8
309,2013,50.50528333333333,-117.37383333333334,2.248673756325137,9
310,2013,50.192,-117.06883333333333,1.8502983626109013,10
311,2013,49.65456666666667,-117.17611666666667,1.5418019938343004,10
312,2013,53.802566666666664,-125.82605,1.5418019938343004,4
313,2013,54.09578333333333,-125.28735,1.36245408726506,4
314,2013,54.31933333333333,-126.11383333333333,1.8571132684242284,5
315,2013,53.10843333333333,-126.39816666666667,1.50317058330172,8
316,2013,54.42328333333333,-125.74358333333333,1.3942144452003404,9
317,2013,54.51038333333333,-125.42308333333334,1.4043435019524713,9
318,2013,53.27178333333333,-126.21731666666666,3.1800545511399325,9
319,2013,53.84393333333333,-126.80406666666667,1.2918396137574495,10
320,2013,53.75378333333333,-126.87243333333333,1.5111711122928608,10
321,2013,54.10933333333333,-127.25366666666666,2.488162314301243,10
322,2013,54.60498333333334,-126.82053333333333,1.8800154570796663,5
323,2013,55.34481666666667,-128.0362,1.690230669351979,8
324,2013,56.19055,-127.97971666666666,2.5771928974450176,8
325,2013,55.3475,-128.8992,1.5491374368326885,5
326,2013,56.74535,-129.86521666666667,1.6346102462627485,6
327,2013,53.11031666666667,-127.54168333333334,2.702452244752998,8
328,2013,57.4013,-130.92926666666668,3.162453244076679,6
329,2013,59.20033333333333,-133.974,2.597042261725298,9
330,2013,49.602916666666665,-122.64658333333334,2.4424633873707697,7
331,2013,49.5966,-121.34478333333334,2.109798770804274,10
332,2013,50.16936666666667,-122.4678,2.1934578537619602,7
333,2013,50.65128333333333,-124.7545,1.4608781492609448,7
334,2013,48.44703333333333,-124.13878333333334,1.5704298645466555,10
335,2013,49.40141666666667,-124.8046,2.5069299707942347,10
336,2013,48.81783333333333,-124.87248333333334,2.286194853003831,10
337,2013,49.97723333333333,-126.07801666666667,2.219066425177232,10
338,2013,50.01245,-126.0789,2.0899395759152433,10
339,2013,50.00675,-126.05223333333333,2.26143248471031,10
340,2013,50.07333333333333,-126.00666666666666,2.1860660446512794,10
341,2013,50.34311666666667,-126.55408333333334,1.946399352541404,10
342,2013,49.77495,-126.51928333333333,1.9357125833767832,10
343,2013,49.78098333333333,-126.51953333333333,1.8362801898539074,10
344,2013,50.1195,-126.02216666666666,1.2918396137574495,10
345,2013,52.2836,-126.93691666666666,2.71307983319597,8
346,2013,51.768883333333335,-126.35918333333333,2.535612138211751,8
347,2014,52.967166666666664,-121.0508,1.690230669351979,7
348,2014,53.171733333333336,-120.918,2.1667369444222264,7
349,2014,52.83331666666667,-123.7095,1.6346102462627485,8
350,2014,52.71783333333333,-122.973,2.286194853003831,8
351,2014,52.98235,-125.47826666666667,1.9490206811535196,8
352,2014,52.890033333333335,-125.0153,1.7391318476100757,10
353,2014,52.8407,-122.75036666666666,1.8894061422082618,10
354,2014,52.113,-121.997,1.8863029095111505,4
355,2014,52.264583333333334,-122.10736666666666,1.3513782257293097,5
356,2014,52.360033333333334,-122.34383333333334,2.6215212770471195,7
357,2014,51.5838,-122.30216666666666,1.9015585168598987,8
358,2014,51.19166666666667,-121.57566666666666,1.6796940931587387,4
359,2014,51.76365,-121.04853333333334,1.5491374368326885,4
360,2014,51.98936666666667,-123.14908333333334,1.603732463194718,4
361,2014,52.14358333333333,-123.95111666666666,1.5907210097862334,4
362,2014,52.023466666666664,-123.18353333333333,2.52089149476723,4
363,2014,52.10261666666667,-123.40425,1.8736171998278988,4
364,2014,51.42185,-124.06218333333334,1.5704298645466555,4
365,2014,52.03333333333333,-123.18636666666667,1.8217141767087546,4
366,2014,52.061033333333334,-123.22898333333333,1.6346102462627485,4
367,2014,52.086216666666665,-123.27501666666667,2.240524411558259,4
368,2014,52.45771666666667,-125.28088333333334,1.9329891390961604,5
369,2014,51.881366666666665,-123.06621666666666,1.6346102462627485,5
370,2014,52.1352,-123.2673,1.3838625265128162,7
371,2014,52.694766666666666,-124.41708333333334,1.3165353733610539,8
372,2014,51.9605,-124.78343333333333,1.986124399674379,8
373,2014,52.10115,-123.58508333333333,3.0175758602962826,8
374,2014,52.233,-124.57831666666667,2.3230352862331967,8
375,2014,52.72833333333333,-124.27665,2.9514529345642426,8
376,2014,52.03295,-123.18641666666667,1.4043435019524713,9
377,2014,51.43515,-124.06068333333333,1.782634111574548,10
378,2014,52.31265,-125.17495,1.4950240494897942,10
379,2014,52.00015,-123.13186666666667,1.6163566515510535,10
380,2014,52.01031666666667,-123.16926666666667,1.442792464155531,10
381,2014,52.12671666666667,-124.00473333333333,2.2585393670021747,3
382,2014,54.129666666666665,-122.92383333333333,1.2918396137574495,5
383,2014,54.28183333333333,-122.28201666666666,1.7391318476100757,6
384,2014,53.56048333333333,-121.44293333333333,1.7298199646141874,7
385,2014,54.603716666666664,-122.89098333333334,2.5745727643496243,7
386,2014,53.747733333333336,-122.48943333333334,1.782634111574548,7
387,2014,53.41388333333333,-120.90185,2.0174434037581337,7
388,2014,53.37956666666667,-120.30245,2.3620495986460344,7
389,2014,52.718666666666664,-119.1535,1.690230669351979,8
390,2014,53.92843333333333,-124.54753333333333,2.0669205564382276,4
391,2014,54.278816666666664,-124.83491666666667,2.1545100140658042,6
392,2014,53.14306666666667,-124.3816,3.3144526295619863,7
393,2014,54.1675,-123.80931666666666,1.8571132684242284,8
394,2014,53.532133333333334,-124.01441666666666,2.579780570917728,8
395,2014,54.22176666666667,-123.80813333333333,2.497740499570647,5
396,2014,54.8785,-123.83336666666666,3.0918614338150303,7
397,2014,55.19835,-124.3215,2.524248928912709,8
398,2014,56.800666666666665,-125.71883333333334,3.338253346956886,6
400,2014,55.3436,-122.98843333333333,2.715641199193558,7
401,2014,55.461333333333336,-123.09943333333334,2.7218878466157332,7
402,2014,56.12178333333333,-123.6473,3.1301687402383256,7
403,2014,56.011783333333334,-123.51155,3.0702447464136076,7
404,2014,56.29986666666667,-124.03868333333334,3.0948028128159137,7
405,2014,56.14145,-125.08806666666666,3.1147460773803903,8
406,2014,56.34315,-123.46071666666667,3.247031717972303,8
407,2014,56.50185,-125.23643333333334,2.474872190547202,8
408,2014,55.297783333333335,-122.50935,3.083634967372648,8
409,2014,55.84226666666667,-121.66698333333333,1.3513782257293097,4
410,2014,56.1621,-122.57418333333334,1.946399352541404,6
411,2014,54.577216666666665,-120.40796666666667,3.3390008274626437,7
412,2014,55.81783333333333,-122.48966666666666,3.3258898803549513,7
413,2014,56.162,-120.83316666666667,2.1403184647327147,7
414,2014,55.19003333333333,-122.01676666666667,1.2918396137574495,7
415,2014,54.524433333333334,-120.53048333333334,1.5111711122928608,8
416,2014,54.83846666666667,-120.00175,2.387116508064121,8
417,2014,55.82136666666667,-120.86888333333333,1.2918396137574495,8
418,2014,55.179716666666664,-122.15611666666666,2.4307617770649106,8
419,2014,55.316116666666666,-122.29543333333334,1.690230669351979,8
420,2014,55.40788333333333,-122.48681666666667,2.4307617770649106,8
421,2014,55.65773333333333,-122.59665,2.4996085792475347,8
422,2014,55.21825,-122.16443333333333,2.7552993654642446,8
423,2014,55.73505,-121.26518333333334,1.36245408726506,3
424,2014,56.52628333333333,-122.07631666666667,2.2436080299920604,5
425,2014,56.525283333333334,-121.78875,2.814244225468134,5
426,2014,56.214333333333336,-121.44883333333334,1.4043435019524713,5
427,2014,57.646316666666664,-120.6875,1.5343415659622208,5
428,2014,57.60628333333333,-120.78066666666666,1.782634111574548,5
429,2014,58.095733333333335,-121.09266666666667,1.3400407363646691,6
430,2014,57.3105,-120.42748333333333,3.2465658100842973,8
431,2014,57.442,-120.36245,1.7154289537436413,8
432,2014,56.34961666666667,-122.84266666666667,2.7501616260183077,8
433,2014,56.35366666666667,-121.22923333333334,1.7345033285629567,8
434,2014,56.64315,-121.11073333333333,1.946399352541404,8
435,2014,56.5075,-123.0254,2.998905723468555,8
436,2014,57.51788333333333,-121.8855,3.1888737784744725,8
437,2014,58.340716666666665,-120.13886666666667,1.304342934438401,5
438,2014,59.0292,-121.05508333333333,1.4519246220142419,5
439,2014,59.189166666666665,-121.97895,1.8955336567936985,6
440,2014,59.35778333333333,-121.15,1.8217141767087546,7
441,2014,59.35698333333333,-121.12735,1.4782735039082686,7
442,2014,59.20321666666667,-121.19635,3.0609058820830293,7
443,2014,59.791666666666664,-121.85035,2.398202497479105,7
444,2014,58.79333333333334,-120.94915,2.2556159727489833,7
445,2014,59.751333333333335,-120.28133333333334,1.9437581507196071,7
446,2014,59.3759,-121.43948333333333,2.2623902252141805,8
447,2014,59.50396666666666,-120.3898,2.8323829116393577,8
448,2014,52.375,-119.13333333333334,2.0669205564382276,7
449,2014,52.1878,-119.40781666666666,2.5349784574835166,7
450,2014,51.79861666666667,-120.29235,1.5704298645466555,10
451,2014,50.60061666666667,-119.89798333333333,1.3838625265128162,4
452,2014,50.7409,-120.76265,1.3513782257293097,4
453,2014,50.7134,-121.30961666666667,1.4608781492609448,4
454,2014,50.5764,-121.303,1.5563515716980234,4
455,2014,50.46973333333333,-120.32986666666666,1.9074837422446365,5
456,2014,50.78361666666667,-121.12258333333334,1.720283998779404,6
457,2014,50.974983333333334,-119.9691,1.5704298645466555,8
458,2014,50.77505,-120.8948,2.524248928912709,3
459,2014,50.53508333333333,-118.49593333333334,2.6040176544442395,7
460,2014,49.96856666666667,-118.4124,1.9015585168598987,8
461,2014,49.22091666666667,-119.81503333333333,1.690230669351979,4
462,2014,49.10231666666667,-119.47706666666667,2.5069299707942347,4
463,2014,49.14243333333334,-119.7484,2.5069299707942347,4
464,2014,49.07726666666667,-119.55795,1.657768127037275,7
465,2014,49.31421666666667,-119.6568,2.0174434037581337,7
466,2014,49.068866666666665,-119.55966666666667,1.8894061422082618,7
467,2014,49.035666666666664,-120.42483333333334,1.8894061422082618,7
468,2014,49.11005,-119.6023,1.584063360408557,7
469,2014,49.41891666666667,-119.82091666666666,2.851600439807896,7
470,2014,49.85138333333333,-119.58651666666667,1.5343415659622208,7
471,2014,49.38916666666667,-120.01256666666667,2.5719194401871213,7
472,2014,49.857483333333334,-119.6554,2.851600439807896,7
473,2014,49.51473333333333,-119.55193333333334,1.2918396137574495,7
474,2014,49.316316666666665,-119.6999,1.4705280088809802,7
475,2014,49.809583333333336,-119.7173,2.286194853003831,8
476,2014,49.46491666666667,-119.72236666666667,2.038139650379021,8
477,2014,49.65656666666667,-119.30593333333333,1.3284304196026173,8
478,2014,49.11906666666667,-119.48695,1.9976473374563966,9
479,2014,49.460883333333335,-119.72778333333333,1.919046744561285,9
480,2014,49.87213333333333,-119.21546666666667,1.4239661588108132,9
481,2014,50.271433333333334,-121.11665,1.2918396137574495,4
482,2014,49.7936,-121.02956666666667,1.2918396137574495,7
483,2014,49.75935,-121.06268333333334,2.8791622998314503,7
484,2014,49.64545,-120.42268333333334,2.8672791091309406,7
485,2014,50.219033333333336,-120.1845,2.227843848543589,8
486,2014,50.3108,-120.35388333333333,1.2918396137574495,8
487,2014,49.52263333333333,-120.48275,2.718166282475603,9
488,2014,50.009683333333335,-120.88658333333333,2.5692321695778606,3
489,2014,50.19793333333333,-121.06866666666667,1.4950240494897942,3
490,2014,50.78808333333333,-121.97721666666666,1.9516224010008634,4
491,2014,50.26963333333333,-121.56076666666667,3.070479305050758,7
492,2014,50.02766666666667,-121.57176666666666,1.2918396137574495,7
493,2014,50.64438333333333,-121.9583,1.2918396137574495,8
494,2014,50.38575,-121.81113333333333,1.8894061422082618,8
495,2014,50.274233333333335,-121.61913333333334,1.8468431735487822,10
496,2014,50.25966666666667,-121.59775,1.5704298645466555,3
497,2014,49.16166666666667,-115.10703333333333,1.9790179744311829,4
498,2014,49.298033333333336,-115.20366666666666,1.8065610402294277,7
499,2014,49.5502,-116.34963333333333,2.075971434959513,7
500,2014,49.70066666666666,-115.4505,2.968104919352628,8
501,2014,49.779583333333335,-116.14845,1.4608781492609448,8
502,2014,49.73285,-115.79765,1.7391318476100757,3
503,2014,49.6399,-115.75725,1.990780763903637,3
504,2014,50.13365,-116.05203333333333,1.5907210097862334,7
505,2014,51.01201666666667,-116.91665,2.9753274799403937,7
506,2014,50.17296666666667,-115.67558333333334,3.1134531045391687,7
507,2014,50.178916666666666,-115.15363333333333,2.979632072235498,7
508,2014,50.555,-115.62328333333333,2.7788672414068745,7
509,2014,50.17503333333333,-115.42061666666666,3.0537659012453564,7
510,2014,50.0886,-115.57845,2.6107612543884406,7
511,2014,50.1109,-115.08116666666666,2.7716820968374365,8
512,2014,51.8338,-117.80896666666666,2.288813409535245,7
513,2014,51.93066666666667,-118.387,2.353342502068083,8
514,2014,51.992866666666664,-118.60526666666667,2.2212860519333284,8
515,2014,49.702,-117.3775,1.8671046157714803,7
516,2014,49.68,-117.35333333333334,1.8736171998278988,7
517,2014,49.906166666666664,-117.2518,2.7065114392151663,7
518,2014,49.51448333333333,-117.56618333333333,2.4801996793933934,8
519,2014,49.084183333333335,-116.59366666666666,1.4696591682055227,4
520,2014,50.187333333333335,-117.07305,1.7391318476100757,6
521,2014,49.7914,-117.00821666666667,1.8894061422082618,7
522,2014,49.362183333333334,-117.10108333333334,1.946399352541404,7
523,2014,49.2815,-116.98516666666667,2.3268321971202153,8
524,2014,50.1805,-116.62255,2.5069299707942347,8
525,2014,53.9324,-125.66208333333333,1.4334752360252674,5
526,2014,53.886383333333335,-125.78278333333333,2.311307678515606,7
528,2014,53.38276666666667,-126.88991666666666,3.1813541498285844,7
529,2014,54.3894,-126.92853333333333,1.36245408726506,7
530,2014,54.3696,-126.42971666666666,3.173200485298414,8
531,2014,55.151,-126.9665,2.0174434037581337,8
532,2014,55.50496666666667,-127.77698333333333,1.8894061422082618,5
533,2014,55.4109,-128.87216666666666,2.248673756325137,5
534,2014,54.512816666666666,-128.37956666666668,2.1733203956459035,8
535,2014,59.03403333333333,-128.47855,3.1530370365206966,8
536,2014,49.95466666666667,-122.189,1.8894061422082618,7
537,2014,49.94385,-121.66543333333334,2.268068431777426,7
538,2014,49.944316666666666,-121.95963333333333,2.931646429845068,7
539,2014,50.04031666666667,-121.99603333333333,1.7391318476100757,7
540,2014,50.00025,-122.00053333333334,2.637609937368499,7
541,2014,49.29881666666667,-121.83161666666666,1.4043435019524713,7
542,2014,50.31135,-122.71716666666667,2.5538091655960575,4
543,2014,50.333983333333336,-123.55653333333333,2.8244732178609335,7
544,2014,50.61735,-122.64008333333334,2.6926122942971635,8
545,2014,50.6923,-123.4925,1.4519246220142419,9
546,2014,48.388616666666664,-123.56301666666667,1.4519246220142419,9
547,2014,49.99041666666667,-126.1223,2.449957793070482,9
548,2014,50.343383333333335,-126.8822,2.6954782867303106,7
549,2015,49.91545,-121.88941666666666,3.158576585125096,7
550,2015,49.46843333333333,-121.25475,1.5491374368326885,7
551,2015,49.4618,-121.87271666666666,3.070202208280488,8
552,2015,50.21095,-123.5291,1.3732788711649304,5
553,2015,50.377516666666665,-123.55571666666667,3.2798691259096886,6
554,2015,50.67865,-123.3676,3.233485403993569,6
555,2015,49.97116666666667,-123.67828333333334,1.919046744561285,6
556,2015,49.521116666666664,-123.81501666666666,2.8892817493192147,7
557,2015,49.74916666666667,-123.50851666666667,2.1810332991253487,8
558,2015,48.4686,-123.90256666666667,1.3942144452003404,6
559,2015,48.809333333333335,-123.94235,1.919046744561285,7
560,2015,48.82515,-123.84865,1.674321712036329,8
561,2015,48.628166666666665,-124.23861666666667,2.8791622998314503,8
562,2015,49.058166666666665,-123.84005,1.9717603732977877,7
563,2015,49.258716666666665,-124.98471666666667,2.9002956794885546,7
564,2015,50.72943333333333,-127.52558333333333,1.946399352541404,7
565,2015,53.58206666666667,-126.7233,2.8951017859400805,7
566,2015,54.78585,-127.19576666666667,1.2918396137574495,4
567,2015,53.038866666666664,-127.45845,3.0467150401152883,6
568,2015,56.15808333333333,-129.03658333333334,1.584063360408557,7
569,2015,53.31475,-128.42698333333334,2.660015357086433,7
570,2015,58.8242,-132.92678333333333,2.973561694997662,5
571,2015,59.491816666666665,-128.57801666666666,3.292094937242267,5
572,2015,58.789766666666665,-133.1703,3.254066212596753,5
573,2015,59.262283333333336,-132.44986666666668,3.1891759638507065,5
574,2015,57.8182,-130.42626666666666,1.782634111574548,5
575,2015,59.91145,-134.02101666666667,2.075971434959513,6
576,2015,53.69085,-123.4334,3.323092530864784,5
577,2015,53.90185,-122.95826666666666,1.4043435019524713,5
578,2015,54.93998333333333,-122.25281666666666,1.4142580908651883,5
579,2015,54.09125,-120.32341666666667,2.8963178321172784,7
580,2015,53.84866666666667,-121.39441666666667,2.387116508064121,7
581,2015,53.49921666666667,-123.22411666666666,1.7764114803977857,8
582,2015,52.992383333333336,-119.3112,2.1772018553886485,4
583,2015,53.27975,-120.09561666666667,2.3620495986460344,3
584,2015,53.54108333333333,-123.75316666666667,2.888002372746403,5
585,2015,54.70141666666667,-124.79763333333334,1.4142580908651883,5
586,2015,54.76395,-124.84853333333334,1.4696591682055227,5
587,2015,55.392966666666666,-124.09916666666666,2.3191832003628683,5
588,2015,57.26555,-125.1075,2.263344683389106,5
589,2015,55.96338333333333,-123.77223333333333,2.1934578537619602,5
590,2015,58.22305,-126.86905,3.28175851937058,6
591,2015,58.20166666666667,-125.77655,3.0902557345396926,7
592,2015,56.36665,-123.86666666666666,3.2138531970532798,7
593,2015,55.88346666666666,-120.79755,2.3191832003628683,4
594,2015,55.68105,-121.66718333333333,1.6100916771567348,5
595,2015,55.19795,-120.27381666666666,1.8894061422082618,5
596,2015,55.28816666666667,-121.7375,1.4519246220142419,5
597,2015,55.150333333333336,-121.49546666666667,1.36245408726506,8
598,2015,56.27526666666667,-121.20433333333334,2.1613639849609982,4
599,2015,56.23945,-121.06265,2.268068431777426,4
600,2015,57.61781666666667,-121.19048333333333,2.933188572564623,5
601,2015,58.234833333333334,-120.47498333333333,1.995373956798362,5
602,2015,57.52668333333333,-121.41528333333333,2.2948272270725956,5
603,2015,57.96066666666667,-121.50931666666666,3.012115051070343,5
604,2015,57.85965,-120.98233333333333,1.782634111574548,5
605,2015,57.8946,-120.01635,2.510503105956439,6
606,2015,56.88153333333333,-121.5127,1.5563515716980234,6
607,2015,57.904666666666664,-120.153,3.310103012318761,6
608,2015,57.69716666666667,-121.36216666666667,2.0174434037581337,6
609,2015,57.552416666666666,-121.1796,2.0174434037581337,6
610,2015,57.74151666666667,-122.73623333333333,1.8894061422082618,7
611,2015,58.24948333333333,-121.4477,2.341495163355031,7
612,2015,59.74755,-124.29725,2.6546093894418537,5
613,2015,58.065,-122.46833333333333,3.1129117996117888,5
614,2015,58.79833333333333,-120.8445,2.2717903385517353,5
615,2015,59.2895,-122.91483333333333,1.3165353733610539,5
616,2015,59.40133333333333,-121.1278,2.1145729547106606,5
617,2015,58.960033333333335,-124.29683333333334,3.303919999323201,5
618,2015,59.07808333333333,-120.02528333333333,2.876305949251127,5
619,2015,59.5177,-127.8654,3.3416639092795704,5
620,2015,59.5636,-125.28,2.8282538764855203,5
621,2015,59.43188333333333,-121.16731666666666,3.018591471178534,5
622,2015,58.98778333333333,-124.99528333333333,2.763883256219811,5
623,2015,58.29833333333333,-123.22833333333334,2.4297604454159023,6
624,2015,59.670116666666665,-121.07233333333333,1.50317058330172,6
625,2015,59.355266666666665,-121.08305,2.74700297778171,6
626,2015,59.62838333333333,-121.42043333333334,3.191585589765924,6
627,2015,59.45778333333333,-120.74721666666667,2.0669205564382276,6
628,2015,59.563,-121.5055,1.3513782257293097,6
629,2015,59.63218333333333,-126.69225,2.8629538301843716,6
630,2015,59.69035,-120.8206,3.1259473141241383,6
631,2015,59.77343333333334,-121.00456666666666,3.05992753835674,6
632,2015,59.8536,-121.34088333333334,3.285115881384921,6
633,2015,59.63511666666667,-120.0221,3.2273604257332695,6
634,2015,59.18448333333333,-122.36458333333333,3.032773192773909,6
635,2015,59.527166666666666,-121.22331666666666,2.057607679609246,6
636,2015,59.25805,-121.62,2.1432102287481523,6
637,2015,59.233333333333334,-120.00001666666667,3.11000343797743,6
638,2015,58.07966666666667,-121.95748333333333,3.1363346650667516,6
639,2015,58.742783333333335,-123.12416666666667,3.187401031606688,6
640,2015,58.98505,-122.02691666666666,3.0714339900644534,6
641,2015,59.0994,-121.56376666666667,2.279985589835888,6
642,2015,59.76685,-120.33956666666667,3.1641395984551766,7
643,2015,58.709516666666666,-122.01263333333333,2.248673756325137,7
644,2015,59.67755,-124.44663333333334,3.135174377245518,7
645,2015,59.8586,-124.41916666666667,2.1344515596909863,7
646,2015,58.71066666666667,-122.96101666666667,1.657768127037275,7
647,2015,59.3511,-125.60945,2.850715392103138,5
648,2015,58.3245,-122.75415,3.245289990147793,7
649,2015,59.980066666666666,-127.43526666666666,3.2698301975948114,7
650,2015,58.41416666666667,-121.4086,2.8290245949948294,7
651,2015,51.711166666666664,-119.71803333333334,2.4508781816866647,5
652,2015,51.6057,-119.74475,1.3838625265128162,7
653,2015,52.47545,-119.81336666666667,2.189785135404947,7
654,2015,51.66843333333333,-119.45395,2.2053781793860376,7
655,2015,51.470333333333336,-119.47633333333333,2.038139650379021,7
656,2015,52.0703,-119.5145,2.038139650379021,8
657,2015,50.60615,-121.3339,2.281774068812157,7
658,2015,51.1669,-120.27175,2.109798770804274,7
659,2015,50.89083333333333,-121.42233333333333,1.5111711122928608,7
660,2015,50.58625,-121.22621666666667,2.769835979350936,7
661,2015,50.39703333333333,-120.40378333333334,2.7744132936869597,8
662,2015,50.5269,-119.56713333333333,2.8532457852890256,7
663,2015,49.01526666666667,-119.73013333333333,2.5692321695778606,4
664,2015,49.1534,-120.02005,1.829068026881424,4
665,2015,49.109516666666664,-119.76603333333334,2.467715308699535,6
666,2015,49.0471,-119.4198,2.0174434037581337,6
667,2015,49.00321666666667,-119.90526666666666,2.945742680288488,7
668,2015,49.858333333333334,-119.26465,2.393012549557756,7
669,2015,49.15291666666667,-120.2044,2.667929416147552,7
670,2015,50.045966666666665,-119.5099,2.9041616184454178,7
671,2015,49.201166666666666,-119.58953333333334,2.637609937368499,7
672,2015,49.0,-119.26955,2.3620495986460344,8
673,2015,49.12275,-119.62355,3.2115561639826047,8
674,2015,49.201283333333336,-119.57155,2.83530039163371,8
675,2015,49.76665,-119.80131666666666,1.4043435019524713,8
676,2015,49.718983333333334,-119.43786666666666,2.7326033208491727,8
677,2015,49.70591666666667,-119.43421666666667,1.4043435019524713,8
678,2015,49.82626666666667,-120.5206,1.7391318476100757,4
679,2015,49.208333333333336,-120.37666666666667,2.0933376352515256,7
680,2015,50.09125,-120.69368333333334,2.3268321971202153,7
681,2015,50.32845,-121.07195,2.8791622998314503,8
682,2015,49.922783333333335,-120.6942,1.5773006408028336,8
683,2015,50.533683333333336,-122.15631666666667,2.637609937368499,5
684,2015,50.731883333333336,-122.22563333333333,1.5704298645466555,5
685,2015,50.163783333333335,-121.58483333333334,3.124373600937813,6
686,2015,50.3741,-121.40065,1.748228846370774,7
687,2015,50.614216666666664,-122.38741666666667,2.3268321971202153,8
688,2015,49.68638333333333,-115.73855,1.5563515716980234,4
689,2015,49.57698333333333,-115.71413333333334,1.4519246220142419,6
690,2015,49.7506,-115.79068333333333,1.4950240494897942,7
691,2015,49.89711666666667,-116.30491666666667,2.74700297778171,7
692,2015,49.19155,-115.1504,2.6107612543884406,7
693,2015,49.508583333333334,-116.59353333333334,2.7874278261298078,7
694,2015,49.8198,-116.61046666666667,2.7267311178326588,7
695,2015,49.5503,-116.5723,2.7393985791995092,7
696,2015,49.06636666666667,-115.5768,2.5946631417114805,7
697,2015,49.737033333333336,-116.57351666666666,2.467715308699535,7
698,2015,49.187,-115.59366666666666,3.0567662274865164,8
699,2015,49.8707,-115.639,1.4239661588108132,5
700,2015,50.9603,-116.41503333333333,2.387116508064121,7
701,2015,51.16063333333334,-117.09953333333333,2.606290592740659,7
702,2015,49.8331,-115.75071666666666,1.995373956798362,8
703,2015,51.42948333333333,-117.08183333333334,1.9717603732977877,4
704,2015,51.95726666666667,-117.38983333333333,2.629729575273566,6
705,2015,51.85958333333333,-117.93763333333334,1.8217141767087546,7
706,2015,50.653866666666666,-117.68721666666667,2.6646020136662734,7
707,2015,49.1964,-117.14595,2.7393985791995092,7
708,2015,50.79938333333333,-117.63203333333334,1.3838625265128162,7
709,2015,49.13395,-117.15598333333334,2.286194853003831,7
710,2015,49.0503,-117.92963333333333,2.76702780897287,8
711,2015,50.77755,-117.80418333333333,2.341495163355031,8
712,2015,49.5283,-117.97668333333333,3.055704676043474,8
713,2015,49.4651,-118.1557,2.075971434959513,8
714,2015,49.58201666666667,-117.90291666666667,2.4877706850478827,8
715,2015,49.6132,-118.24936666666666,2.471951899344922,8
716,2015,49.14955,-118.98995,2.126956608700721,6
717,2015,49.2048,-118.88448333333334,1.442792464155531,7
718,2015,49.04685,-118.8293,1.9643457790658274,7
719,2015,49.23785,-119.02908333333333,1.5418019938343004,7
720,2015,49.068616666666664,-118.29206666666667,1.4782735039082686,7
721,2015,49.225633333333334,-118.27018333333334,1.6346102462627485,7
722,2015,49.31936666666667,-118.52141666666667,1.991934924612999,7
723,2015,49.57781666666666,-118.94471666666666,2.471951899344922,8
724,2015,49.072433333333336,-119.00863333333334,3.1968115961423282,8
725,2015,49.2741,-118.41383333333333,3.1128645760161486,8
726,2015,49.155966666666664,-118.11813333333333,2.837133730215836,8
727,2015,49.613083333333336,-118.46813333333333,2.826440333027403,8
728,2015,49.38255,-118.28631666666666,2.808720896696898,8
729,2015,50.36201666666667,-117.19216666666667,2.9079211294060534,7
730,2015,50.853366666666666,-117.17698333333334,2.3512907263444403,7
731,2015,49.62088333333333,-117.23108333333333,2.9895658026263576,7
732,2015,49.444316666666666,-116.731,2.0723816814789813,7
733,2015,50.44141666666667,-116.8956,2.4702665120526044,7
734,2015,50.1561,-117.1243,1.720283998779404,7
735,2015,50.41775,-116.94906666666667,1.8217141767087546,8
736,2015,49.1522,-116.25265,1.50317058330172,8
737,2015,49.257583333333336,-116.92478333333334,1.304342934438401,8
738,2015,49.39405,-116.46376666666667,2.299042677051744,8
739,2015,49.3871,-116.51723333333334,2.6954782867303106,8
740,2015,49.1594,-116.67025,2.911579314979925,8
741,2015,50.35431666666667,-116.85876666666667,2.501092007430194,8
742,2015,49.91566666666667,-117.00795,1.782634111574548,10
743,2015,53.35766666666667,-123.50216666666667,2.69405090000743,5
744,2015,51.9032,-122.45736666666667,2.2699356401171102,4
745,2015,51.84993333333333,-122.48235,2.8570150970880794,4
746,2015,51.86915,-122.29315,2.106574924077854,6
747,2015,51.9035,-122.67916666666666,2.963122121954912,7
748,2015,52.017583333333334,-122.4914,2.2699356401171102,8
749,2015,52.0957,-121.9952,1.9490206811535196,3
750,2015,52.098533333333336,-121.99313333333333,1.2918396137574495,3
751,2015,52.10756666666666,-121.99548333333334,1.4950240494897942,3
752,2015,52.11358333333333,-122.0071,1.825409121065502,3
753,2015,51.55,-122.26666666666667,2.4205570487224097,3
754,2015,51.397016666666666,-121.8731,1.4950240494897942,4
755,2015,52.035666666666664,-123.1877,1.6346102462627485,4
756,2015,52.00975,-123.1613,1.690230669351979,4
757,2015,52.1068,-123.22751666666667,2.1016760427197876,4
758,2015,51.993316666666665,-123.15846666666667,1.3732788711649304,4
759,2015,52.11255,-123.43475,2.109798770804274,5
760,2015,52.33148333333333,-124.3201,1.748228846370774,5
761,2015,52.215516666666666,-124.13478333333333,3.2480926427022676,7
762,2015,51.75026666666667,-124.0287,1.5704298645466555,8
763,2015,51.0645,-124.034,2.8691841436163457,8
764,2015,51.733,-123.20015,1.743706653924275,8
765,2016,49.1357,-123.0066,2.4996085792475347,7
766,2016,49.09245,-121.79768333333334,1.9516224010008634,8
767,2016,50.19923333333333,-124.84396666666666,1.3165353733610539,8
768,2016,49.40046666666667,-125.00715,1.3838625265128162,8
769,2016,50.19071666666667,-125.52141666666667,1.4950240494897942,8
770,2016,50.37388333333333,-126.40861666666666,2.1403184647327147,10
771,2016,51.53098333333333,-125.65896666666667,2.727802735869702,8
772,2016,52.775416666666665,-127.00406666666667,1.690230669351979,8
773,2016,52.1583,-128.03606666666667,2.672813025506829,2
774,2016,54.004583333333336,-125.71595,2.125435481811488,3
775,2016,53.975433333333335,-125.73256666666667,1.7784968751420738,4
776,2016,53.851933333333335,-125.65028333333333,2.636642031447251,4
777,2016,54.08955,-125.42575,1.9161910625223157,6
778,2016,53.32631666666666,-126.6784,1.946399352541404,6
779,2016,53.599383333333336,-127.23625,1.6796940931587387,8
780,2016,55.129583333333336,-128.08856666666668,1.4043435019524713,3
781,2016,54.40935,-128.82718333333332,1.5704298645466555,5
782,2016,53.95425,-128.782,1.8217141767087546,8
783,2016,59.553016666666664,-128.50063333333333,2.6882275688637396,6
784,2016,56.711166666666664,-130.67073333333335,2.5692321695778606,6
785,2016,57.9628,-128.56761666666668,1.5704298645466555,6
786,2016,58.93855,-132.00443333333334,2.8959136692513563,7
787,2016,59.61998333333333,-129.02776666666668,2.4044019418714138,7
788,2016,59.801433333333335,-129.34858333333332,3.202238829312015,7
789,2016,54.11728333333333,-121.9434,1.8571132684242284,4
790,2016,53.300983333333335,-123.20041666666667,1.4519246220142419,5
791,2016,53.79615,-123.40298333333334,1.4950240494897942,8
792,2016,52.32508333333333,-118.37211666666667,1.9410968060849643,8
793,2016,53.92613333333333,-124.1423,1.4950240494897942,4
794,2016,53.976416666666665,-123.80943333333333,1.9618383081618687,4
795,2016,55.867333333333335,-121.6545,2.0174434037581337,4
796,2016,55.833133333333336,-121.8554,2.415821351841847,4
797,2016,56.04855,-122.03638333333333,2.286194853003831,4
798,2016,55.25001666666667,-120.01846666666667,1.9717603732977877,4
799,2016,56.05015,-121.96131666666666,2.804878216261811,4
800,2016,55.86606666666667,-121.65083333333334,2.2585393670021747,4
801,2016,55.726366666666664,-121.21761666666667,2.9596848555606083,4
802,2016,55.979366666666664,-121.35133333333333,2.899114335527252,4
803,2016,55.66898333333334,-120.71233333333333,2.9097625827760685,4
804,2016,55.4233,-120.15741666666666,1.9717603732977877,4
805,2016,55.60025,-121.57555,1.674321712036329,4
806,2016,55.61313333333333,-121.40458333333333,2.931335800570858,4
807,2016,56.099383333333336,-120.69065,3.0108287089845738,4
808,2016,55.85316666666667,-120.49066666666667,1.9302444193028285,4
809,2016,56.10305,-121.99928333333334,2.9219919528376215,4
810,2016,55.62705,-120.58355,1.8571132684242284,4
811,2016,56.1276,-122.08171666666667,1.843355449955271,4
812,2016,55.45895,-120.32693333333333,2.484215537152072,4
813,2016,55.99106666666667,-121.66383333333333,1.8217141767087546,4
814,2016,55.9869,-120.34511666666667,2.4126124716515376,8
815,2016,56.255766666666666,-121.00791666666667,2.0174434037581337,4
816,2016,56.1999,-120.63883333333334,2.888002372746403,4
817,2016,56.5175,-120.7405,2.5692321695778606,4
818,2016,56.5937,-121.19508333333333,3.2952086514434393,4
819,2016,56.223216666666666,-121.43046666666666,2.9186104274910387,4
820,2016,56.377383333333334,-121.13885,2.109798770804274,4
821,2016,56.449283333333334,-121.17115,2.3748925851888765,4
822,2016,56.283883333333335,-121.08846666666666,2.7874278261298078,4
823,2016,56.11601666666667,-120.16853333333333,2.55812761797233,4
825,2016,56.25641666666667,-121.63746666666667,3.2185327202949408,4
826,2016,57.00095,-121.4809,2.7762093433670474,4
827,2016,57.05433333333333,-121.90611666666666,2.6395314867118667,4
828,2016,56.76405,-121.86103333333334,2.503299023604874,4
829,2016,56.6526,-120.86665,2.52089149476723,4
830,2016,56.58545,-120.49745,2.8244732178609335,4
831,2016,56.28671666666666,-121.42666666666666,2.7753137613819345,4
832,2016,56.30165,-120.29336666666667,2.1934578537619602,4
833,2016,56.3186,-120.24223333333333,2.109798770804274,4
834,2016,57.76255,-122.32121666666667,1.8217141767087546,5
835,2016,58.452,-121.16553333333333,1.8703754250369933,6
836,2016,58.057833333333335,-120.69833333333334,1.9357125833767832,7
837,2016,58.79868333333334,-125.02796666666667,2.1772018553886485,4
838,2016,58.28491666666667,-121.72811666666666,1.4043435019524713,4
839,2016,59.147483333333334,-127.6038,2.572718966969599,6
840,2016,58.83598333333333,-121.6204,2.0650793680359243,6
841,2016,59.35016666666667,-124.09163333333333,1.5907210097862334,6
842,2016,59.47816666666667,-128.17353333333332,2.564030017169427,7
843,2016,59.63078333333333,-120.9177,2.042127271435036,7
844,2016,58.529266666666665,-121.05238333333334,2.0361275086280317,7
845,2016,59.520383333333335,-120.07395,2.4205570487224097,7
846,2016,58.873333333333335,-121.48316666666666,2.015300851727566,8
847,2016,59.03881666666667,-121.50831666666667,1.8502983626109013,8
848,2016,59.89383333333333,-121.91988333333333,2.87574643491367,8
849,2016,59.155433333333335,-121.07013333333333,1.8468431735487822,8
850,2016,50.79056666666666,-120.91905,1.6346102462627485,4
851,2016,50.80061666666667,-121.59846666666667,1.8179825575042183,4
852,2016,50.57208333333333,-121.30578333333334,1.3480049464128996,5
853,2016,50.650333333333336,-120.82071666666667,1.946399352541404,6
854,2016,50.209716666666665,-119.37446666666666,1.4043435019524713,8
855,2016,49.200266666666664,-119.68535,1.919046744561285,4
856,2016,49.9207,-119.77681666666666,1.8571132684242284,8
857,2016,49.93258333333333,-119.51066666666667,2.4223224129671395,8
858,2016,49.344516666666664,-119.58098333333334,1.9274781265354413,8
859,2016,49.79606666666667,-120.68451666666667,2.547912341512658,4
860,2016,49.210116666666664,-120.69633333333333,1.2918396137574495,6
861,2016,49.60528333333333,-120.18016666666666,1.7700868843856552,8
862,2016,49.438,-120.30813333333333,1.2918396137574495,8
863,2016,50.26578333333333,-121.58411666666666,2.1934578537619602,4
864,2016,50.12096666666667,-121.56626666666666,1.5704298645466555,5
865,2016,50.8583,-121.8574,1.782634111574548,6
866,2016,50.201816666666666,-121.58615,2.9310244304613593,8
867,2016,49.67165,-115.75831666666667,2.2585393670021747,4
868,2016,49.63131666666666,-115.72931666666666,1.4782735039082686,4
869,2016,49.006566666666664,-114.96911666666666,2.0933376352515256,4
870,2016,49.707283333333336,-115.78675,1.4334752360252674,7
871,2016,51.841433333333335,-118.67081666666667,1.8894061422082618,8
872,2016,50.637483333333336,-117.62626666666667,2.021687530859129,8
873,2016,49.5115,-117.65976666666667,2.0300161386245863,8
874,2016,49.016283333333334,-118.32943333333333,2.764171579017894,6
875,2016,49.64026666666667,-118.45738333333334,2.6661065909317863,8
876,2016,52.55995,-122.48416666666667,1.5704298645466555,4
877,2016,52.97553333333333,-123.60161666666667,2.8784764847374364,4
878,2016,53.046866666666666,-120.73421666666667,1.9884605745587594,6
879,2016,51.5929,-123.01968333333333,1.946399352541404,4
880,2016,51.914316666666664,-122.30596666666666,1.7784968751420738,7
881,2016,51.84198333333333,-122.60233333333333,1.6069240072974742,8
882,2016,52.10991666666666,-121.99556666666666,1.3284304196026173,3
883,2016,51.214166666666664,-121.23855,2.125435481811488,4
884,2016,52.45876666666667,-125.28523333333334,1.7154289537436413,4
885,2016,51.480383333333336,-123.808,1.7391318476100757,4
886,2016,52.24868333333333,-123.71863333333333,1.774314757235948,4
887,2016,52.4655,-125.4058,2.0174434037581337,4
888,2016,52.45515,-125.4278,1.5704298645466555,4
889,2016,52.47076666666667,-125.33246666666666,1.4696591682055227,4
890,2016,52.2702,-123.99006666666666,2.7393985791995092,5
891,2016,51.367666666666665,-124.90595,2.1810332991253487,7
892,2017,51.9492,-123.13521666666666,1.6163566515510535,4
893,2017,51.989733333333334,-123.1615,1.5704298645466555,4
894,2017,53.16795,-123.0337,2.641812635314572,6
895,2017,51.755633333333336,-121.83433333333333,2.1460748201034536,6
896,2017,51.7428,-121.99993333333333,2.123906824542128,6
897,2017,52.015,-122.90053333333333,2.301540772442929,6
898,2017,52.40496666666667,-121.54605,2.7348980480873513,7
899,2017,51.65411666666667,-121.3987,3.2196684881931543,7
900,2017,52.81028333333333,-122.30361666666667,2.9476748111543487,7
901,2017,52.66526666666667,-122.48826666666666,2.632127043625067,7
902,2017,52.13321666666667,-122.00396666666667,3.1903655800895905,7
903,2017,52.40745,-121.78701666666667,2.1545100140658042,7
904,2017,51.401833333333336,-121.05933333333333,2.2939762131651835,7
905,2017,52.4804,-122.58685,3.218715743061645,7
907,2017,52.17641666666667,-121.83343333333333,3.1713720992689076,7
908,2017,52.20863333333333,-122.05525,3.281107515231,7
909,2017,52.22795,-122.34036666666667,3.283664855622496,7
910,2017,52.30133333333333,-122.2254,2.8092311125983014,7
912,2017,51.96083333333333,-125.01598333333334,3.324333350015555,7
913,2017,52.34875,-121.97066666666667,1.8502983626109013,7
914,2017,52.43483333333333,-121.72056666666667,3.0045109288185317,7
915,2017,52.3983,-124.72458333333333,2.5473136636323432,7
916,2017,53.22763333333333,-124.03775,3.315405175158719,7
917,2017,53.17896666666667,-123.9645,2.7955596703112935,7
918,2017,52.9342,-121.86738333333334,2.56180078264042,7
919,2017,52.6125,-121.33943333333333,2.9594356532678763,7
920,2017,53.1212,-120.84963333333333,2.9454642510221922,7
921,2017,52.82958333333333,-121.55255,3.096486315509634,7
922,2017,53.145183333333335,-120.82105,2.766450982007392,7
923,2017,52.60016666666667,-121.03901666666667,2.9426460289513683,7
924,2017,52.806666666666665,-121.0575,3.069179559913176,7
925,2017,52.61168333333333,-121.1722,3.2049718404336374,7
926,2017,52.79881666666667,-120.70816666666667,3.006711992368791,7
927,2017,52.566833333333335,-121.20633333333333,3.0565547914104383,7
928,2017,52.6181,-120.55821666666667,3.0973986530837987,7
929,2017,51.607933333333335,-123.66996666666667,2.125435481811488,8
930,2017,52.75736666666667,-121.61533333333334,2.2565938363248574,8
931,2017,51.759366666666665,-120.90103333333333,2.7363735600405934,8
932,2017,51.8241,-120.91961666666667,2.1772018553886485,8
933,2017,52.790166666666664,-121.17545,1.4043435019524713,8
934,2017,52.6452,-120.28931666666666,1.8894061422082618,8
935,2017,52.6611,-120.71905,2.9380038911887,8
936,2017,52.73676666666667,-121.16145,1.8571132684242284,9
937,2017,52.574866666666665,-125.41536666666667,2.3268321971202153,9
938,2017,52.51165,-121.76608333333333,1.3165353733610539,10
939,2017,49.198433333333334,-124.58911666666667,1.8863029095111505,6
940,2017,49.57553333333333,-121.81133333333334,2.741605730067476,7
941,2017,52.464533333333335,-127.0645,1.5907210097862334,7
942,2017,52.36795,-125.78176666666667,3.24073239653464,7
943,2017,49.415283333333335,-121.75158333333333,2.5566978166035654,7
944,2017,50.458333333333336,-126.69395,2.524248928912709,8
945,2017,50.06506666666667,-125.6712,1.4043435019524713,10
946,2017,48.5973,-124.01751666666667,2.316060838090156,10
947,2017,48.63746666666667,-124.04155,2.2772808450817243,10
948,2017,48.92508333333333,-124.51596666666667,2.1810332991253487,10
949,2017,49.63785,-122.59341666666667,2.0933376352515256,10
950,2017,50.28735,-126.69973333333333,2.5069299707942347,10
951,2017,49.46138333333333,-121.70078333333333,1.782634111574548,10
952,2017,48.440533333333335,-123.88278333333334,2.3935945773675535,10
953,2017,48.625933333333336,-124.49293333333334,2.0933376352515256,10
954,2017,48.4059,-123.95098333333334,1.9884605745587594,10
955,2017,48.42046666666667,-123.95266666666667,2.2896807054455017,10
956,2017,49.3657,-124.84953333333333,2.0174434037581337,10
957,2017,48.648783333333334,-124.52988333333333,2.057607679609246,10
958,2017,48.63981666666667,-124.54353333333333,1.919046744561285,10
959,2017,49.45053333333333,-125.35121666666667,1.2918396137574495,10
960,2017,49.8605,-125.9809,2.0174434037581337,10
961,2017,50.287166666666664,-126.35783333333333,2.0174434037581337,11
962,2017,49.28756666666666,-121.9021,2.137809463088947,3
963,2017,50.29246666666667,-121.64445,1.6163566515510535,4
964,2017,50.59615,-121.79071666666667,2.1810332991253487,5
965,2017,50.2565,-121.40931666666667,1.4043435019524713,5
966,2017,50.742533333333334,-120.55995,2.682214249754256,6
967,2017,49.191433333333336,-119.72546666666666,2.6085382946692945,6
968,2017,49.37765,-119.58033333333333,1.4519246220142419,7
969,2017,50.71288333333333,-120.62256666666667,1.6463507933010535,7
971,2017,51.378616666666666,-119.39911666666667,1.690230669351979,7
972,2017,51.43525,-120.15815,2.4205570487224097,7
973,2017,51.3971,-120.2542,2.9365182416455253,7
974,2017,51.46915,-120.15661666666666,3.160048221442772,7
975,2017,49.57436666666667,-120.57818333333333,3.1655980853520274,7
976,2017,51.48748333333333,-118.98405,1.3732788711649304,7
977,2017,51.61601666666667,-118.9413,1.9717603732977877,7
978,2017,51.5695,-120.20965,1.9045334001554646,7
979,2017,50.03446666666667,-119.44528333333334,2.393012549557756,7
980,2017,51.62563333333333,-119.17646666666667,2.1545100140658042,7
981,2017,50.98716666666667,-119.12906666666666,1.5704298645466555,7
982,2017,49.0035,-120.4418,3.2784774517125657,7
983,2017,50.532466666666664,-119.83806666666666,2.672813025506829,7
984,2017,50.32993333333334,-121.39531666666667,2.1810332991253487,7
985,2017,49.01855,-119.41501666666667,1.690230669351979,8
986,2017,52.49086666666667,-120.45593333333333,3.0411495581012074,8
987,2017,52.83051666666667,-120.10606666666666,2.8303640888418404,8
988,2017,50.19923333333333,-121.07026666666667,1.4239661588108132,8
989,2017,51.4885,-119.6306,1.9516224010008634,8
990,2017,49.86405,-119.19325,2.906054350065732,8
991,2017,51.606516666666664,-118.9096,2.5692321695778606,8
992,2017,49.72976666666667,-119.82903333333333,3.1269305736664115,9
993,2017,49.667766666666665,-119.28151666666666,2.2384498572137272,9
994,2017,52.34308333333333,-119.8737,2.7704844572078824,9
995,2017,49.17326666666666,-119.81801666666667,1.4867267027325657,9
996,2017,51.02676666666667,-122.4442,2.1810332991253487,9
997,2017,49.202666666666666,-119.67861666666667,2.2516700325183705,9
998,2017,49.17755,-119.78893333333333,2.5692321695778606,9
999,2017,49.757666666666665,-119.69526666666667,1.4043435019524713,10
1000,2017,50.24805,-121.58931666666666,1.4950240494897942,3
1001,2017,50.26133333333333,-121.58978333333333,2.4920420967538943,3
1002,2017,50.21338333333333,-121.17866666666667,1.4043435019524713,3
1003,2017,50.21765,-121.58928333333333,1.3513782257293097,3
1004,2017,50.157916666666665,-120.84616666666666,1.8894061422082618,3
1005,2017,55.5009,-127.76685,1.919046744561285,4
1006,2017,55.38745,-127.67836666666666,2.038139650379021,4
1007,2017,55.41641666666666,-127.61848333333333,1.5563515716980234,4
1008,2017,55.23461666666667,-128.0477,1.5773006408028336,4
1009,2017,55.249583333333334,-127.66743333333334,1.4239661588108132,4
1010,2017,54.03418333333333,-126.72333333333333,2.409905953304499,6
1011,2017,54.06178333333333,-125.31623333333333,1.3165353733610539,6
1012,2017,53.86855,-125.77345,1.5343415659622208,7
1013,2017,55.08156666666667,-125.8424,2.6219398568670265,7
1014,2017,55.71765,-121.21055,1.4043435019524713,4
1015,2017,53.3511,-122.62026666666667,2.0812815781893534,5
1016,2017,56.305233333333334,-121.16213333333333,1.4239661588108132,5
1017,2017,52.976216666666666,-119.34058333333333,2.9417883101302484,5
1018,2017,59.29885,-123.14188333333334,1.3646388035197086,5
1019,2017,58.463883333333335,-122.21993333333333,1.5166870764138682,5
1020,2017,59.2048,-122.52968333333334,1.843355449955271,5
1021,2017,59.21845,-122.57641666666666,1.3657274216866693,5
1022,2017,59.289183333333334,-122.50033333333333,2.0705716083419783,5
1023,2017,54.14085,-123.3637,2.4391090044041674,6
1024,2017,54.394283333333334,-121.72651666666667,2.0499594991223433,6
1025,2017,55.52948333333333,-123.64531666666667,1.7391318476100757,7
1026,2017,53.47795,-123.03865,2.286194853003831,7
1027,2017,53.42281666666667,-122.3,2.117715547419237,7
1028,2017,53.263416666666664,-124.7088,3.059166947757011,7
1029,2017,54.16406666666666,-124.55653333333333,3.087466390082688,7
1030,2017,53.50013333333333,-125.11231666666667,3.2508428140324734,7
1031,2017,54.3935,-122.91428333333333,2.56347490233946,7
1032,2017,53.42381666666667,-123.668,1.4043435019524713,7
1033,2017,53.78836666666667,-123.04575,1.628613614460903,7
1034,2017,54.85771666666667,-123.23063333333333,2.42159704884091,7
1035,2017,54.806133333333335,-123.34328333333333,1.774314757235948,7
1036,2017,53.6092,-123.66818333333333,2.715641199193558,7
1037,2017,53.39816666666667,-124.90453333333333,3.129463749364777,7
1038,2017,53.4902,-124.51136666666666,3.232690714925877,7
1039,2017,55.175016666666664,-124.93445,1.4519246220142419,7
1040,2017,55.59425,-126.0206,2.286194853003831,7
1041,2017,52.31366666666667,-118.37048333333334,3.120447407793101,7
1042,2017,53.45231666666667,-123.18648333333333,1.7005000910463635,7
1043,2017,53.68398333333333,-121.15263333333333,2.381078583160147,8
1044,2017,59.72005,-120.86561666666667,3.2016187816885173,8
1045,2017,54.23965,-123.18615,1.3165353733610539,8
1046,2017,53.360533333333336,-124.55318333333334,2.5993940199893384,8
1047,2017,54.31653333333333,-121.60455,2.3121057651882477,8
1048,2017,54.75573333333333,-121.32685,2.768905173606498,8
1049,2017,56.098,-123.39145,1.657768127037275,8
1050,2017,55.402633333333334,-122.082,2.409905953304499,8
1051,2017,56.97815,-124.65055,1.8894061422082618,8
1052,2017,55.98283333333333,-123.119,2.303193415982758,8
1053,2017,55.886833333333335,-124.1715,2.2604714417444356,8
1054,2017,59.45348333333333,-121.00118333333333,2.825197414399039,8
1055,2017,55.99151666666667,-123.36628333333333,2.409905953304499,9
1056,2017,59.56458333333333,-120.87551666666667,2.265243832406328,9
1057,2017,59.7423,-121.30353333333333,2.647033454061242,9
1058,2017,59.024683333333336,-120.94705,2.7067788348464106,9
1059,2017,57.740566666666666,-123.68936666666667,2.7071791858290553,9
1060,2017,58.765566666666665,-124.9415,1.7700868843856552,9
1061,2017,56.48523333333333,-121.19001666666666,1.4043435019524713,9
1062,2017,49.710633333333334,-115.1804,2.229352642663012,6
1063,2017,50.01286666666667,-117.33823333333333,1.3513782257293097,6
1064,2017,49.889133333333334,-117.8282,2.1517242777257577,6
1065,2017,51.446616666666664,-117.5542,3.090669078137997,7
1066,2017,50.37165,-116.71386666666666,2.8430890025197972,7
1067,2017,50.131083333333336,-118.14986666666667,2.0950230602210254,7
1068,2017,50.63686666666667,-117.79145,2.89832110262965,7
1069,2017,49.77728333333334,-117.75936666666666,1.3400407363646691,7
1070,2017,50.12535,-116.7983,3.1938921253743553,7
1071,2017,50.98928333333333,-115.82975,3.2050090600422765,7
1072,2017,49.32573333333333,-114.62461666666667,1.7154289537436413,7
1073,2017,49.51466666666666,-118.0202,1.6463507933010535,7
1074,2017,51.08056666666667,-117.57676666666667,3.066211232319219,7
1075,2017,50.422716666666666,-117.20078333333333,3.07148878995065,7
1076,2017,49.03093333333333,-115.5409,2.2772808450817243,7
1077,2017,51.45483333333333,-117.97531666666667,2.9213224948931784,7
1078,2017,49.529016666666664,-117.02871666666667,3.1630106448913318,7
1079,2017,50.604866666666666,-117.2274,3.035780527836164,7
1080,2017,50.01648333333333,-115.75285,3.0308333200693633,7
1081,2017,49.92133333333334,-116.66066666666667,2.286194853003831,7
1082,2017,50.99511666666667,-117.54473333333334,2.8311242789885473,7
1083,2017,50.21296666666667,-115.34708333333333,3.3261391922052885,8
1084,2017,49.02673333333333,-117.3498,2.883651550851764,8
1085,2017,49.542,-118.52236666666667,3.1398276299128933,8
1086,2017,49.0131,-118.02701666666667,1.4696591682055227,8
1087,2017,49.87146666666666,-115.319,3.275692559623727,8
1088,2017,49.82991666666667,-116.25166666666667,2.838343740257036,8
1089,2017,50.0098,-117.70226666666667,2.281774068812157,8
1090,2017,50.27751666666666,-117.57653333333333,2.471951899344922,8
1091,2017,49.62315,-117.1715,2.5069299707942347,8
1092,2017,51.8824,-117.93295,2.75326286252346,8
1093,2017,51.4819,-118.2289,2.674413101102717,8
1094,2017,50.87193333333333,-117.58693333333333,2.2642958791921406,8
1095,2017,49.0,-115.36666666666666,3.060438263084558,8
1096,2017,49.31665,-115.87833333333333,3.1264757973957695,8
1097,2017,50.5552,-115.33248333333333,2.7426988107209835,8
1098,2017,49.28333333333333,-114.76633333333334,3.099197121053982,8
1099,2017,49.21955,-114.93926666666667,3.2209916718671345,8
1100,2017,49.37048333333333,-114.59615,2.803299539521341,8
1101,2017,49.00436666666667,-114.4116,3.0118108703158124,8
1102,2017,49.427566666666664,-116.3802,2.0174434037581337,8
1103,2017,49.059733333333334,-114.30248333333333,3.294008751953154,9
1104,2017,49.62206666666667,-115.70065,2.8782471427732044,9
1105,2017,50.3451,-115.59926666666667,2.427238807302665,9
1106,2017,49.0942,-114.70295,2.5637526415767184,9
1107,2017,49.61431666666667,-116.17786666666667,1.4334752360252674,10
