ha,spring,summer,autumn,years_since_2012,min_dist_to_roads,BG,BWBS,CWH,ESSF,ICH,IDF,MS,PP,SBPS,SBS,SWB
13.0,0,1,0,0,0.6844010383078849,0,0,0,0,0,0,1,0,0,0,0
6.0,0,1,0,0,0.579263716558564,0,0,0,0,0,0,0,0,1,0,0
20.0,0,0,1,0,0.47319228158452076,0,0,0,0,0,0,0,0,1,0,0
8.0,1,0,0,0,0.031121575953722946,0,0,0,0,0,1,0,0,0,0,0
12.2,1,0,0,0,0.04698210710140861,0,0,0,0,0,1,0,0,0,0,0
26.2,1,0,0,0,0.0009264624315609532,0,0,0,0,0,1,0,0,0,0,0
7.0,1,0,0,0,0.007441495902492265,0,0,0,0,0,1,0,0,0,0,0
86.0,1,0,0,0,0.037445114265209925,0,0,0,0,0,1,0,0,0,0,0
270.0,0,1,0,0,0.1567867882591626,0,0,0,0,0,1,0,0,0,0,0
5.0,0,1,0,0,0.149252776488746,0,0,0,0,0,1,0,0,0,0,0
15.0,0,0,1,0,0.06621362866055097,0,0,0,0,0,1,0,0,0,0,0
5.3,1,0,0,0,0.30358435869086975,0,0,0,0,0,1,0,0,0,0,0
11.5,0,1,0,0,0.3718258022921174,0,0,0,0,0,1,0,0,0,0,0
427.0,0,1,0,0,0.3466536087450675,0,0,0,0,0,1,0,0,0,0,0
10.0,1,0,0,0,0.03192830588302925,0,0,0,0,0,1,0,0,0,0,0
8.9,1,0,0,0,0.003990479811108905,0,0,0,0,0,1,0,0,0,0,0
47.0,1,0,0,0,0.07797739124516559,0,0,0,0,0,1,0,0,0,0,0
11.0,1,0,0,0,0.6483901487442643,0,0,0,0,0,1,0,0,0,0,0
9.0,0,1,0,0,0.008230915302351403,0,0,0,0,0,1,0,0,0,0,0
11.1,0,1,0,0,0.059983323001541355,0,0,0,0,0,1,0,0,0,0,0
129.0,0,0,1,0,0.017397365783680455,0,0,0,0,0,1,0,0,0,0,0
6.7,1,0,0,0,0.04191732891384789,0,0,0,0,0,0,0,0,0,1,0
27.3,1,0,0,0,0.012226489316847836,0,0,0,0,0,0,0,0,0,1,0
15.0,0,1,0,0,0.49331283673715837,0,0,0,1,0,0,0,0,0,0,0
39.2,0,1,0,0,0.47462268899129006,0,0,0,0,0,0,0,0,0,1,0
473.0,0,1,0,0,0.820891048085521,0,1,0,0,0,0,0,0,0,0,0
1590.8,0,1,0,0,0.606668705056084,0,1,0,0,0,0,0,0,0,0,0
11.7,0,1,0,0,1.094197742831996,0,1,0,0,0,0,0,0,0,0,0
36.7,0,1,0,0,0.7033249762980636,0,0,0,0,0,0,0,0,0,1,0
17.7,1,0,0,0,0.01550519665496944,0,1,0,0,0,0,0,0,0,0,0
54.3,1,0,0,0,0.03384761058134787,0,1,0,0,0,0,0,0,0,0,0
9.8,1,0,0,0,0.01788111614550515,0,1,0,0,0,0,0,0,0,0,0
141.9,1,0,0,0,0.00918621800225649,0,1,0,0,0,0,0,0,0,0,0
17.0,1,0,0,0,0.1441849204426667,0,1,0,0,0,0,0,0,0,0,0
46.0,1,0,0,0,0.0981360304302064,0,1,0,0,0,0,0,0,0,0,0
7.4,1,0,0,0,0.17405844237647,0,1,0,0,0,0,0,0,0,0,0
8.5,1,0,0,0,0.004335347561441684,0,1,0,0,0,0,0,0,0,0,0
6.8,1,0,0,0,0.16449776620951342,0,1,0,0,0,0,0,0,0,0,0
23.5,0,1,0,0,0.07109630993647365,0,1,0,0,0,0,0,0,0,0,0
24.2,0,1,0,0,0.054173518651464456,0,1,0,0,0,0,0,0,0,0,0
5.0,1,0,0,0,0.04779365468998714,0,1,0,0,0,0,0,0,0,0,0
10.3,1,0,0,0,0.28565600947437,0,1,0,0,0,0,0,0,0,0,0
5.0,1,0,0,0,0.2502856634336459,0,1,0,0,0,0,0,0,0,0,0
6.3,1,0,0,0,0.3183951834712855,0,1,0,0,0,0,0,0,0,0,0
6.1,1,0,0,0,0.2693883117209675,0,1,0,0,0,0,0,0,0,0,0
28.1,1,0,0,0,0.020813593969439364,0,1,0,0,0,0,0,0,0,0,0
9.1,1,0,0,0,0.026778986561284593,0,1,0,0,0,0,0,0,0,0,0
19.5,1,0,0,0,0.40171807868113296,0,1,0,0,0,0,0,0,0,0,0
15.1,1,0,0,0,0.5585475085350953,0,1,0,0,0,0,0,0,0,0,0
20.0,1,0,0,0,0.4076564022356477,0,1,0,0,0,0,0,0,0,0,0
31.0,1,0,0,0,0.5684160877950204,0,1,0,0,0,0,0,0,0,0,0
111.0,0,1,0,0,0.3183951834712855,0,1,0,0,0,0,0,0,0,0,0
49.4,0,1,0,0,0.5625718066767987,0,1,0,0,0,0,0,0,0,0,0
15.0,0,1,0,0,0.44279475336912527,0,1,0,0,0,0,0,0,0,0,0
8.9,0,1,0,0,0.07902296812425177,0,1,0,0,0,0,0,0,0,0,0
718.2,0,1,0,0,0.4452796587045779,0,1,0,0,0,0,0,0,0,0,0
9600.0,0,1,0,0,0.5140302244793226,0,1,0,0,0,0,0,0,0,0,0
6.9,0,1,0,0,1.0258874706029761,0,1,0,0,0,0,0,0,0,0,0
751.9,0,1,0,0,0.1907605276154332,0,1,0,0,0,0,0,0,0,0,0
8.6,0,1,0,0,0.08125035194427802,0,1,0,0,0,0,0,0,0,0,0
80.2,0,1,0,0,0.362289499960162,0,1,0,0,0,0,0,0,0,0,0
166.0,0,0,1,0,0.47314579255826494,0,1,0,0,0,0,0,0,0,0,0
23.0,1,0,0,0,0.9889736214213964,0,1,0,0,0,0,0,0,0,0,0
9.3,1,0,0,0,1.4913811412226379,0,1,0,0,0,0,0,0,0,0,0
25.0,1,0,0,0,1.245805381602819,0,1,0,0,0,0,0,0,0,0,0
14.0,0,1,0,0,1.2816586215502808,0,1,0,0,0,0,0,0,0,0,0
26.7,0,1,0,0,1.1836318565271233,0,1,0,0,0,0,0,0,0,0,0
12.0,0,1,0,0,1.2356914990892283,0,1,0,0,0,0,0,0,0,0,0
12196.3,0,1,0,0,1.4787063987504112,0,1,0,0,0,0,0,0,0,0,0
7.5,0,1,0,0,1.3213864942132427,0,1,0,0,0,0,0,0,0,0,0
11.0,0,1,0,0,1.2902325283992206,0,1,0,0,0,0,0,0,0,0,0
25.5,0,1,0,0,1.276979415926573,0,1,0,0,0,0,0,0,0,0,0
16.4,0,1,0,0,1.1071107798447772,0,1,0,0,0,0,0,0,0,0,0
2480.6,0,1,0,0,1.319616106919223,0,1,0,0,0,0,0,0,0,0,0
128.9,0,1,0,0,1.0109676241956307,0,1,0,0,0,0,0,0,0,0,0
7.6,0,1,0,0,1.406059707309824,0,1,0,0,0,0,0,0,0,0,0
5.0,0,1,0,0,0.0821548688029203,0,1,0,0,0,0,0,0,0,0,0
10.9,0,1,0,0,1.0175390324181528,0,1,0,0,0,0,0,0,0,0,0
3960.0,0,1,0,0,0.6046204112853691,0,1,0,0,0,0,0,0,0,0,0
2540.0,0,1,0,0,0.6760282820325159,0,1,0,0,0,0,0,0,0,0,0
155.1,0,1,0,0,0.010738303957300842,0,1,0,0,0,0,0,0,0,0,0
12.7,0,1,0,0,0.6624941217384921,0,1,0,0,0,0,0,0,0,0,0
42.0,0,1,0,0,0.07451099517631074,0,0,0,0,0,0,0,0,0,0,1
54.0,0,1,0,0,1.6500711490255557,0,1,0,0,0,0,0,0,0,0,0
10.0,0,1,0,0,1.6466524999230339,0,1,0,0,0,0,0,0,0,0,0
1102.3,0,1,0,0,1.230388002410996,0,1,0,0,0,0,0,0,0,0,0
6.7,0,1,0,0,1.0627836260029468,0,1,0,0,0,0,0,0,0,0,0
14.7,0,1,0,0,0.678625497301122,0,1,0,0,0,0,0,0,0,0,0
23.1,0,1,0,0,1.515462457830854,0,1,0,0,0,0,0,0,0,0,0
878.3,0,1,0,0,0.3024740208646465,0,1,0,0,0,0,0,0,0,0,0
26.4,0,1,0,0,1.0245296577549041,0,1,0,0,0,0,0,0,0,0,0
1827.1,0,1,0,0,1.0930941290196723,0,1,0,0,0,0,0,0,0,0,0
5.1,0,1,0,0,0.0695196915562523,0,1,0,0,0,0,0,0,0,0,0
5831.9,0,1,0,0,0.6021290471797452,0,1,0,0,0,0,0,0,0,0,0
144.6,0,1,0,0,0.9083611631919694,0,0,0,0,0,0,0,0,0,0,1
2936.3,0,1,0,0,0.6023401686337865,0,1,0,0,0,0,0,0,0,0,0
46.0,0,1,0,0,0.45167517617340514,0,0,0,0,0,0,0,0,0,0,1
6.2,0,1,0,0,0.43520572668252877,0,1,0,0,0,0,0,0,0,0,0
38.5,0,1,0,0,1.0782103235253528,0,1,0,0,0,0,0,0,0,0,0
780.0,0,1,0,0,1.2926955721371858,0,1,0,0,0,0,0,0,0,0,0
938.9,0,1,0,0,1.1615387674975397,0,1,0,0,0,0,0,0,0,0,0
3010.9,0,1,0,0,0.5591454010431698,0,1,0,0,0,0,0,0,0,0,0
219.0,0,1,0,0,0.5077540563509257,0,1,0,0,0,0,0,0,0,0,0
61.6,0,1,0,0,0.17884894818767866,0,1,0,0,0,0,0,0,0,0,0
24851.8,0,1,0,0,1.251671168818704,0,1,0,0,0,0,0,0,0,0,0
2499.0,0,1,0,0,0.5492280084327623,0,0,0,0,0,0,0,0,0,0,1
2443.3,0,1,0,0,0.8354825668232632,0,0,0,0,0,0,0,0,0,0,1
11.4,1,0,0,0,0.01045096480808177,0,0,0,0,0,1,0,0,0,0,0
7.9,1,0,0,0,0.07871285017414924,1,0,0,0,0,0,0,0,0,0,0
6.5,0,1,0,0,0.04499397387363031,0,0,0,0,0,1,0,0,0,0,0
8.5,0,1,0,0,0.1687535780446717,0,0,0,0,0,1,0,0,0,0,0
31.0,0,0,1,0,0.1257574129021603,0,0,0,0,0,1,0,0,0,0,0
14.0,0,0,1,0,0.035094325433447836,1,0,0,0,0,0,0,0,0,0,0
5.9,1,0,0,0,0.11902590162257598,1,0,0,0,0,0,0,0,0,0,0
35.0,0,1,0,0,0.07337752497963154,0,0,0,0,0,1,0,0,0,0,0
9.0,0,1,0,0,0.11842939987175029,0,0,0,0,0,0,1,0,0,0,0
36.2,0,1,0,0,0.3493373185232389,0,0,0,0,1,0,0,0,0,0,0
17.9,0,1,0,0,0.096116369659297,0,0,0,0,0,0,1,0,0,0,0
15.0,0,1,0,0,0.00873569102246852,0,0,0,0,0,1,0,0,0,0,0
5.9,1,0,0,0,0.02214464438518041,0,0,0,0,0,0,0,1,0,0,0
27.0,0,1,0,0,0.07258932783361177,0,0,0,0,0,0,0,1,0,0,0
214.0,0,1,0,0,0.003319735594677821,0,0,0,0,0,1,0,0,0,0,0
14.5,0,1,0,0,0.0029940362213214953,0,0,0,0,0,0,0,1,0,0,0
41.0,0,0,1,0,0.08271998164305243,0,0,0,0,0,1,0,0,0,0,0
30.0,0,0,1,0,0.07792593185451671,0,0,0,0,0,0,0,1,0,0,0
16.6,0,0,1,0,0.0225863580067739,0,0,0,0,0,0,0,1,0,0,0
7.3,0,0,1,0,0.024318070325890773,0,0,0,0,0,0,0,1,0,0,0
9.3,1,0,0,0,0.02138711093680684,0,0,0,0,0,1,0,0,0,0,0
10.7,1,0,0,0,0.006508399083335814,0,0,0,0,0,1,0,0,0,0,0
125.0,1,0,0,0,0.05005083799399105,0,0,0,0,0,0,0,1,0,0,0
45.0,1,0,0,0,0.049927694116801556,0,0,0,0,0,0,0,1,0,0,0
6.1,1,0,0,0,0.0849062851300835,0,0,0,0,0,0,0,1,0,0,0
55.0,1,0,0,0,0.017940476386274978,0,0,0,0,0,0,0,1,0,0,0
6.5,1,0,0,0,0.033746992908973844,1,0,0,0,0,0,0,0,0,0,0
21.1,1,0,0,0,0.04258437444854035,0,0,0,0,0,0,0,1,0,0,0
12.9,1,0,0,0,0.09897787464650305,0,0,0,0,0,0,0,1,0,0,0
155.0,0,1,0,0,0.1264497756006572,0,0,0,0,0,1,0,0,0,0,0
27.4,0,1,0,0,0.03714666221632957,1,0,0,0,0,0,0,0,0,0,0
7.0,0,1,0,0,0.021196430147422885,1,0,0,0,0,0,0,0,0,0,0
20.6,0,1,0,0,0.10783437201861865,1,0,0,0,0,0,0,0,0,0,0
9.1,0,1,0,0,0.01260792137348239,1,0,0,0,0,0,0,0,0,0,0
15.0,0,1,0,0,0.24809203029250237,0,0,0,0,0,1,0,0,0,0,0
43.0,0,1,0,0,0.04171495497368579,1,0,0,0,0,0,0,0,0,0,0
20.0,0,1,0,0,0.18135061839969718,0,0,0,0,0,1,0,0,0,0,0
15.0,0,1,0,0,0.21248421277704344,0,0,0,1,0,0,0,0,0,0,0
5.1,0,1,0,0,0.04700025002245751,0,0,0,0,0,0,1,0,0,0,0
8.0,0,1,0,0,0.04571032847643079,0,0,0,1,0,0,0,0,0,0,0
29.0,1,0,0,0,0.033244927862224834,0,0,0,0,0,0,0,1,0,0,0
26.0,1,0,0,0,0.3176234607231617,0,0,0,0,0,1,0,0,0,0,0
140.0,1,0,0,0,0.006574473613569028,0,0,0,0,0,1,0,0,0,0,0
34.0,0,1,0,0,0.027001535223688214,0,0,0,0,0,0,0,1,0,0,0
11.0,0,1,0,0,0.10358016532142508,0,0,0,0,0,1,0,0,0,0,0
75.0,1,0,0,0,0.05565449034411324,0,0,0,0,0,1,0,0,0,0,0
5.5,0,1,0,0,0.06780263300904944,0,0,0,0,0,1,0,0,0,0,0
30.5,0,1,0,0,0.12502061924907376,0,0,0,1,0,0,0,0,0,0,0
5.0,0,0,0,0,0.04865538162435353,0,0,0,0,0,1,0,0,0,0,0
8.6,0,0,0,0,0.011651656989280314,0,0,0,0,0,1,0,0,0,0,0
53.3,1,0,0,0,0.18487361123437418,0,0,0,0,0,0,1,0,0,0,0
575.0,0,1,0,0,0.1488536087772279,0,0,0,1,0,0,0,0,0,0,0
25.0,0,1,0,0,0.0888123701521675,0,0,0,1,0,0,0,0,0,0,0
35.0,0,1,0,0,0.38725976302104215,0,0,0,1,0,0,0,0,0,0,0
431.0,0,0,1,0,0.4675863315378122,0,0,0,0,0,0,1,0,0,0,0
13.2,0,1,0,0,0.14525855388092854,0,0,0,1,0,0,0,0,0,0,0
7.8,0,1,0,0,0.024041236189249072,0,0,0,1,0,0,0,0,0,0,0
7.5,0,1,0,0,0.07499642061128511,0,0,0,1,0,0,0,0,0,0,0
33.1,0,1,0,0,0.29901064097497865,0,0,0,0,1,0,0,0,0,0,0
14.5,1,0,0,0,0.11905242189296324,0,0,0,0,0,1,0,0,0,0,0
7.9,1,0,0,0,0.021528969632290933,0,0,0,0,0,1,0,0,0,0,0
5.7,0,1,0,0,0.2925654517653902,0,0,0,0,0,1,0,0,0,0,0
10.4,0,1,0,0,0.11685100563731686,0,0,0,0,0,1,0,0,0,0,0
53.6,0,1,0,0,0.09435438943033642,0,0,0,1,0,0,0,0,0,0,0
10.0,0,1,0,0,0.024263005049467507,0,0,0,0,1,0,0,0,0,0,0
5.0,0,0,1,0,0.058491174099119546,0,0,0,1,0,0,0,0,0,0,0
14.0,0,0,1,0,0.01540978820089856,0,0,0,0,1,0,0,0,0,0,0
7450.0,0,1,0,0,0.6979445758224909,0,0,0,0,0,0,0,0,1,0,0
2367.0,0,1,0,0,0.8206666123688499,0,0,1,0,0,0,0,0,0,0,0
3500.0,0,1,0,0,0.21141267389452834,0,1,0,0,0,0,0,0,0,0,0
5.0,0,1,0,0,0.24339604555042038,0,1,0,0,0,0,0,0,0,0,0
36.6,0,1,0,0,0.43933673627481457,0,1,0,0,0,0,0,0,0,0,0
46.0,0,1,0,0,0.06479397894258483,0,0,0,0,0,0,0,0,0,0,0
135.0,0,1,0,0,0.23008402794616312,0,0,0,1,0,0,0,0,0,0,0
10.0,0,1,0,0,0.13933219999544516,0,0,1,0,0,0,0,0,0,0,0
5.0,0,1,0,0,0.27142655261070137,0,0,1,0,0,0,0,0,0,0,0
14.23,0,0,1,0,0.1511219738383396,0,0,1,0,0,0,0,0,0,0,0
313.0,0,1,0,0,0.11014861845399962,0,0,1,0,0,0,0,0,0,0,0
26.7,0,1,0,0,0.18661552598682665,0,0,1,0,0,0,0,0,0,0,0
13.0,0,1,0,0,0.6310667138879783,0,0,1,0,0,0,0,0,0,0,0
15.5,1,0,0,1,0.8499293116774816,0,0,0,0,0,0,0,0,1,0,0
5.1,0,1,0,1,0.1470539088505088,0,0,0,0,0,0,0,0,0,1,0
49.4,0,1,0,1,0.40076248272735443,0,0,0,1,0,0,0,0,0,0,0
9.8,0,1,0,1,0.06576245234137583,0,0,0,1,0,0,0,0,0,0,0
300.0,1,0,0,1,0.07226888693824629,0,0,0,0,0,1,0,0,0,0,0
45.0,1,0,0,1,0.004131692857589688,0,0,0,0,0,1,0,0,0,0,0
438.0,1,0,0,1,0.02897772685629322,0,0,0,0,0,1,0,0,0,0,0
8.3,1,0,0,1,0.31296382227171393,1,0,0,0,0,0,0,0,0,0,0
11.1,0,1,0,1,0.10761153039962319,0,0,0,0,0,1,0,0,0,0,0
8.9,0,1,0,1,0.21063626085806667,0,0,0,0,0,1,0,0,0,0,0
6.1,0,1,0,1,0.03438684112217791,0,0,0,0,0,1,0,0,0,0,0
43.0,0,1,0,1,0.5185277037682219,0,0,0,1,0,0,0,0,0,0,0
12.1,1,0,0,1,0.476155194578382,0,0,0,0,0,1,0,0,0,0,0
6.4,0,1,0,1,0.5474498239223156,0,0,0,0,0,1,0,0,0,0,0
5.5,0,1,0,1,0.29587988678729715,0,0,0,0,0,1,0,0,0,0,0
12.2,0,1,0,1,0.11745029879430223,0,0,0,0,0,1,0,0,0,0,0
6.1,0,1,0,1,0.3974674089180519,0,0,0,0,0,1,0,0,0,0,0
25.0,1,0,0,1,0.0008335691172865508,0,0,0,0,0,1,0,0,0,0,0
9.3,1,0,0,1,0.0269847500299747,0,0,0,0,0,1,0,0,0,0,0
12.0,1,0,0,1,0.6367086130762952,0,0,0,0,0,1,0,0,0,0,0
6.0,1,0,0,1,0.03410397141136573,0,0,0,0,0,1,0,0,0,0,0
6.5,1,0,0,1,0.04447141004937052,0,0,0,0,0,1,0,0,0,0,0
5.0,1,0,0,1,0.045521650914188055,0,0,0,0,0,1,0,0,0,0,0
156.8,1,0,0,1,0.30717651236025545,0,0,0,0,0,0,0,0,1,0,0
1200.0,0,1,0,1,0.37062833799528544,0,0,0,1,0,0,0,0,0,0,0
5.0,0,0,1,1,0.009722298787634098,0,0,0,0,0,0,0,0,1,0,0
23.2,1,0,0,1,0.14180341370916363,0,0,0,0,0,0,0,0,0,1,0
14.0,1,0,0,1,0.004927481022223652,0,0,0,0,0,0,0,0,0,1,0
5.7,0,1,0,1,0.2924339955348065,0,0,0,1,0,0,0,0,0,0,0
9.8,0,1,0,1,0.05586650783752769,0,0,0,0,0,0,0,0,0,1,0
410.0,0,1,0,1,0.4412641163474715,0,0,0,1,0,0,0,0,0,0,0
100.0,0,1,0,1,0.30156857466273423,0,0,0,1,0,0,0,0,0,0,0
16.5,0,1,0,1,0.37375128091114684,0,0,0,1,0,0,0,0,0,0,0
405.0,0,1,0,1,0.28510622100515565,0,0,0,0,1,0,0,0,0,0,0
5.0,0,1,0,1,0.21356497459585352,0,0,0,1,0,0,0,0,0,0,0
131.0,0,1,0,1,0.3070211220315931,0,0,0,1,0,0,0,0,0,0,0
9.0,0,1,0,1,0.40203357349185426,0,0,0,0,0,0,0,0,0,1,0
281.9,0,1,0,1,0.2697452624397304,0,0,0,0,0,0,0,0,0,1,0
10.0,0,1,0,1,0.09390429162688485,0,0,0,0,0,0,0,0,0,1,0
6.1,1,0,0,1,0.3243169517956916,0,0,0,0,0,0,0,0,0,1,0
6.2,0,1,0,1,0.47271915450349433,0,0,0,0,0,0,0,0,0,1,0
23.5,1,0,0,1,0.17959585314201118,0,1,0,0,0,0,0,0,0,0,0
34.0,1,0,0,1,0.03872451909505944,0,1,0,0,0,0,0,0,0,0,0
52.0,1,0,0,1,0.03397956808768919,0,1,0,0,0,0,0,0,0,0,0
100.0,1,0,0,1,0.0710403543499725,0,1,0,0,0,0,0,0,0,0,0
49.0,1,0,0,1,0.006148239258836996,0,1,0,0,0,0,0,0,0,0,0
40.0,1,0,0,1,0.058218680817224866,0,1,0,0,0,0,0,0,0,0,0
79.0,1,0,0,1,0.3030954601446376,0,1,0,0,0,0,0,0,0,0,0
60.0,1,0,0,1,0.08291907783988392,0,1,0,0,0,0,0,0,0,0,0
9.0,1,0,0,1,0.08482174286064771,0,1,0,0,0,0,0,0,0,0,0
100.0,1,0,0,1,0.255954672934999,0,1,0,0,0,0,0,0,0,0,0
20.0,1,0,0,1,0.06851765561066604,0,1,0,0,0,0,0,0,0,0,0
13.2,1,0,0,1,0.24272174308804606,0,1,0,0,0,0,0,0,0,0,0
5.7,0,0,1,1,0.06784507960907273,0,1,0,0,0,0,0,0,0,0,0
14.0,1,0,0,1,0.253717474928519,0,1,0,0,0,0,0,0,0,0,0
35.0,1,0,0,1,0.002207045249309609,0,1,0,0,0,0,0,0,0,0,0
13.7,1,0,0,1,0.013065956397822175,0,1,0,0,0,0,0,0,0,0,0
11.5,1,0,0,1,0.00995745550643656,0,1,0,0,0,0,0,0,0,0,0
9.9,0,1,0,1,0.8276097116970084,0,1,0,0,0,0,0,0,0,0,0
53.3,1,0,0,1,1.1973107182753837,0,1,0,0,0,0,0,0,0,0,0
12.5,1,0,0,1,1.4075643289799102,0,1,0,0,0,0,0,0,0,0,0
66.0,1,0,0,1,1.3908111736327613,0,1,0,0,0,0,0,0,0,0,0
209.7,0,1,0,1,0.7208401813685568,0,1,0,0,0,0,0,0,0,0,0
6.4,0,1,0,1,0.6814805981826636,0,1,0,0,0,0,0,0,0,0,0
6.4,0,1,0,1,0.48865018497827306,0,1,0,0,0,0,0,0,0,0,0
1029.6,0,1,0,1,0.20092565529623715,0,1,0,0,0,0,0,0,0,0,0
11.3,0,1,0,1,0.8931046950660784,0,1,0,0,0,0,0,0,0,0,0
17.0,0,1,0,1,1.4271880719639705,0,1,0,0,0,0,0,0,0,0,0
73.8,0,1,0,1,0.20087589748518261,0,0,0,0,1,0,0,0,0,0,0
13.2,0,1,0,1,0.0991743989194925,0,0,0,1,0,0,0,0,0,0,0
29.6,0,1,0,1,0.6567477419880072,0,0,0,0,1,0,0,0,0,0,0
18.4,0,1,0,1,0.3035625882292026,0,0,0,1,0,0,0,0,0,0,0
64.4,0,1,0,1,0.33420149240693725,0,0,0,1,0,0,0,0,0,0,0
792.0,0,1,0,1,0.491641023128949,0,0,0,1,0,0,0,0,0,0,0
16.6,0,1,0,1,0.6074777519210395,0,0,0,1,0,0,0,0,0,0,0
5.7,0,1,0,1,0.7991489214146722,0,0,0,1,0,0,0,0,0,0,0
71.5,0,1,0,1,0.6571015697483388,0,0,0,0,1,0,0,0,0,0,0
16.0,1,0,0,1,0.010529626050011098,1,0,0,0,0,0,0,0,0,0,0
15.0,1,0,0,1,0.027367153635066747,0,0,0,0,0,0,0,1,0,0,0
8.2,1,0,0,1,0.06749748946058196,0,0,0,0,0,1,0,0,0,0,0
1400.0,1,0,0,1,0.09882356668114993,0,0,0,0,0,0,0,1,0,0,0
10.0,1,0,0,1,0.014272263752782084,0,0,0,0,0,0,0,1,0,0,0
30.0,1,0,0,1,0.060880301671182184,0,0,0,0,0,1,0,0,0,0,0
12.6,1,0,0,1,0.2243021746251619,0,0,0,0,1,0,0,0,0,0,0
75.0,1,0,0,1,0.0021136824796649466,0,0,0,0,0,0,0,1,0,0,0
15.6,0,1,0,1,0.23102078032601933,0,0,0,0,0,1,0,0,0,0,0
16.1,0,1,0,1,0.081972498989144,1,0,0,0,0,0,0,0,0,0,0
63.5,0,1,0,1,0.037503875565301506,0,0,0,0,0,0,0,1,0,0,0
68.7,0,1,0,1,0.0419649993420408,0,0,0,0,0,1,0,0,0,0,0
18.0,0,1,0,1,0.05297213874977275,0,0,0,0,1,0,0,0,0,0,0
15.8,0,1,0,1,0.018043550361465915,0,0,0,0,0,1,0,0,0,0,0
60.0,1,0,0,1,0.01305422249673299,1,0,0,0,0,0,0,0,0,0,0
69.0,0,1,0,1,0.09338070799924436,0,0,0,0,0,0,0,1,0,0,0
14.9,0,1,0,1,0.0027874100806795908,0,0,0,0,0,0,0,1,0,0,0
6.2,1,0,0,1,0.20072178280191227,0,0,0,1,0,0,0,0,0,0,0
7.0,0,1,0,1,0.054085423213499774,1,0,0,0,0,0,0,0,0,0,0
26.0,0,1,0,1,0.04995509677747417,1,0,0,0,0,0,0,0,0,0,0
10.0,1,0,0,1,0.06295994046202548,0,0,0,0,0,0,0,1,0,0,0
7.0,1,0,0,1,0.056096370825642075,0,0,0,0,0,1,0,0,0,0,0
8.9,0,1,0,1,0.28206331572335597,0,0,0,1,0,0,0,0,0,0,0
5.2,0,1,0,1,0.0793458375320947,1,0,0,0,0,0,0,0,0,0,0
25.0,1,0,0,1,0.038651019849489515,0,0,0,0,0,0,0,1,0,0,0
6.8,1,0,0,1,0.02563358021420618,0,0,0,0,0,1,0,0,0,0,0
14.1,1,0,0,1,0.0013075386463360862,0,0,0,0,0,1,0,0,0,0,0
125.0,1,0,0,1,0.08047020827221767,0,0,0,0,0,1,0,0,0,0,0
12.6,0,1,0,1,0.03375655870923207,0,0,0,0,0,1,0,0,0,0,0
15.5,1,0,0,1,0.2803772342170798,0,0,0,0,0,0,1,0,0,0,0
7.5,0,1,0,1,0.3516564051902593,0,0,0,1,0,0,0,0,0,0,0
16.6,0,1,0,1,0.037455372477413665,0,0,0,1,0,0,0,0,0,0,0
22.6,0,1,0,1,0.04403863875291872,0,0,0,1,0,0,0,0,0,0,0
6.8,0,1,0,1,0.04494684299934148,0,0,0,1,0,0,0,0,0,0,0
12.5,0,1,0,1,0.3047669293959944,0,0,0,1,0,0,0,0,0,0,0
6.9,0,1,0,1,0.19086053036640416,0,0,0,1,0,0,0,0,0,0,0
17.0,0,0,1,1,0.3039564282153081,0,0,0,0,1,0,0,0,0,0,0
64.4,0,1,0,1,0.10011868199148567,0,0,0,1,0,0,0,0,0,0,0
5.0,0,1,0,1,0.25941046673388224,0,0,0,1,0,0,0,0,0,0,0
6.0,0,1,0,1,0.3644658141036356,0,0,0,1,0,0,0,0,0,0,0
35.0,0,1,0,1,0.09578384450773757,0,0,0,0,1,0,0,0,0,0,0
40.0,0,0,1,1,0.2875255307139111,0,0,0,0,1,0,0,0,0,0,0
32.0,0,0,1,1,0.33028442742541037,0,0,0,0,1,0,0,0,0,0,0
11.3,0,1,0,1,0.46036293182136695,0,0,0,1,0,0,0,0,0,0,0
203.9,0,1,0,1,0.5859494266653487,0,0,0,0,1,0,0,0,0,0,0
36.0,0,1,0,1,0.4139227848314138,0,0,0,0,1,0,0,0,0,0,0
13.8,0,0,1,1,0.222726595491983,0,0,0,0,1,0,0,0,0,0,0
7.6,0,0,1,1,0.05430445949072375,0,0,0,0,1,0,0,0,0,0,0
7.6,1,0,0,1,0.25456325154799797,0,0,0,0,0,0,0,0,0,1,0
5.6,1,0,0,1,0.032209544125924826,0,0,0,0,0,0,0,0,0,1,0
14.0,1,0,0,1,0.1162705832309662,0,0,0,0,0,0,0,0,0,1,0
7.1,0,1,0,1,0.6415490936725002,0,0,0,1,0,0,0,0,0,0,0
5.9,0,1,0,1,0.17996011763905934,0,0,0,0,0,0,0,0,0,1,0
6.0,0,1,0,1,0.3631432347035695,0,0,0,1,0,0,0,0,0,0,0
3700.0,0,1,0,1,0.8053273423172655,0,0,0,0,0,0,0,0,0,1,0
5.0,0,0,1,1,0.5224958900897163,0,0,0,0,0,0,0,0,0,1,0
7.2,0,0,1,1,0.6298980236990045,0,0,0,1,0,0,0,0,0,0,0
75.0,0,0,1,1,0.6192711136572202,0,0,0,0,0,0,0,0,0,1,0
14.7,1,0,0,1,0.008045156145134326,0,0,0,0,0,0,0,0,0,1,0
10.0,0,1,0,1,0.06806939681609236,0,0,1,0,0,0,0,0,0,0,0
103.0,0,1,0,1,0.7527733852508656,0,0,0,0,1,0,0,0,0,0,0
7.7,1,0,0,1,0.03248477414699097,0,0,0,0,1,0,0,0,0,0,0
9.0,1,0,0,1,0.022708505858846467,0,0,0,0,1,0,0,0,0,0,0
170.0,0,1,0,1,0.9825148139606886,0,0,1,0,0,0,0,0,0,0,0
3100.0,0,1,0,1,0.5533478214111487,0,0,0,1,0,0,0,0,0,0,0
111.0,0,1,0,1,0.4414109840449258,0,0,0,1,0,0,0,0,0,0,0
64.4,0,1,0,1,0.34926537394562523,0,0,1,0,0,0,0,0,0,0,0
25.0,0,0,1,1,0.08843989968361203,0,0,1,0,0,0,0,0,0,0,0
31.0,0,1,0,1,0.307002540737304,0,0,1,0,0,0,0,0,0,0,0
6.6,0,1,0,1,0.6754302449892386,0,0,1,0,0,0,0,0,0,0,0
8.0,0,0,1,1,0.007864847104110295,0,0,1,0,0,0,0,0,0,0,0
80.0,0,0,1,1,0.00028057509831382196,0,0,0,0,0,0,0,0,0,0,0
40.0,0,0,1,1,0.4338995015353791,0,0,1,0,0,0,0,0,0,0,0
33.2,0,0,1,1,0.0814152949197002,0,0,0,0,0,0,0,0,0,0,0
23.8,0,0,1,1,0.11291890033005952,0,0,0,0,0,0,0,0,0,0,0
37.3,0,0,1,1,0.12002028439558991,0,0,1,0,0,0,0,0,0,0,0
30.4,0,0,1,1,0.20058828811328455,0,0,0,0,0,0,0,0,0,0,0
17.0,0,0,1,1,0.11167519090741615,0,0,1,0,0,0,0,0,0,0,0
16.6,0,0,1,1,0.038300156928303235,0,0,1,0,0,0,0,0,0,0,0
13.4,0,0,1,1,0.033125276636804625,0,0,1,0,0,0,0,0,0,0,0
5.0,0,0,1,1,0.18579670141017238,0,0,1,0,0,0,0,0,0,0,0
178.0,0,1,0,1,0.24546209775888939,0,0,1,0,0,0,0,0,0,0,0
88.5,0,1,0,1,0.6633328738738579,0,0,0,0,0,0,0,0,0,0,0
10.0,0,1,0,2,0.4649366527356227,0,0,0,1,0,0,0,0,0,0,0
28.9,0,1,0,2,0.38071266831857753,0,0,0,1,0,0,0,0,0,0,0
9.0,0,1,0,2,0.671844204458697,0,0,0,0,0,0,1,0,0,0,0
40.0,0,1,0,2,0.5433147039469354,0,0,0,0,0,0,0,0,1,0,0
17.1,0,1,0,2,0.5028971480645303,0,0,0,0,0,0,0,0,1,0,0
11.0,0,0,1,2,0.551537968823558,0,0,0,0,0,0,1,0,0,0,0
15.0,0,0,1,2,0.3234010065807151,0,0,0,0,0,0,0,0,0,1,0
14.9,1,0,0,2,0.013237364448497683,0,0,0,0,0,1,0,0,0,0,0
5.5,1,0,0,2,0.050342999323357826,0,0,0,0,0,1,0,0,0,0,0
122.0,0,1,0,2,0.033162319254794195,0,0,0,0,0,1,0,0,0,0,0
15.4,0,1,0,2,0.3837793361399214,1,0,0,0,0,0,0,0,0,0,0
9.8,1,0,0,2,0.006040488514374687,0,0,0,0,0,1,0,0,0,0,0
7.7,1,0,0,2,0.2590041932786254,0,0,0,0,0,0,0,0,0,1,0
8.5,1,0,0,2,0.05184590099709296,0,0,0,0,0,1,0,0,0,0,0
8.3,1,0,0,2,0.006888662342186182,0,0,0,0,0,1,0,0,0,0,0
84.0,1,0,0,2,0.037834450062136725,0,0,0,0,0,1,0,0,0,0,0
14.5,1,0,0,2,0.033340137606415854,0,0,0,0,0,1,0,0,0,0,0
8.0,1,0,0,2,0.6377749238305179,0,0,0,0,0,1,0,0,0,0,0
13.0,1,0,0,2,0.030441163114561916,0,0,0,0,0,1,0,0,0,0,0
9.0,1,0,0,2,0.022537373328881637,0,0,0,0,0,1,0,0,0,0,0
35.2,1,0,0,2,0.013430139512571807,0,0,0,0,0,1,0,0,0,0,0
16.5,1,0,0,2,0.050849660762555336,0,0,0,0,0,0,0,0,1,0,0
9.0,1,0,0,2,0.10613748628918108,0,0,0,0,0,1,0,0,0,0,0
5.8,0,1,0,2,0.03544342252601753,0,0,0,0,0,1,0,0,0,0,0
5.2,0,1,0,2,0.6528177674824851,0,0,0,0,0,0,1,0,0,0,0
18.6,0,1,0,2,0.007949642695711195,0,0,0,0,0,0,0,0,1,0,0
940.0,0,1,0,2,0.013035048346509894,0,0,0,0,0,1,0,0,0,0,0
44.5,0,1,0,2,0.3190531990291409,0,0,0,0,0,0,0,0,1,0,0
609.0,0,1,0,2,0.6323382956460086,0,0,0,0,0,0,1,0,0,0,0
6.0,0,1,0,2,0.030803322517420163,0,0,0,0,0,1,0,0,0,0,0
12.0,0,0,1,2,0.6268644134555138,0,0,0,0,0,1,0,0,0,0,0
7.0,0,0,1,2,0.04494819643561549,0,0,0,0,0,0,0,0,1,0,0
8.7,0,0,1,2,0.03425872359832162,0,0,0,0,0,1,0,0,0,0,0
6.4,0,0,1,2,0.04277823877379339,0,0,0,0,0,1,0,0,0,0,0
37.0,1,0,0,2,0.005214045077868778,0,0,0,0,0,1,0,0,0,0,0
5.0,1,0,0,2,0.18044573718921333,0,0,0,0,0,0,0,0,0,1,0
11.0,1,0,0,2,0.2658433923600977,0,0,0,0,0,0,0,0,0,1,0
10.8,0,1,0,2,0.26169952077582603,0,0,0,1,0,0,0,0,0,0,0
102.0,0,1,0,2,0.16956689310017783,0,0,0,0,0,0,0,0,0,1,0
12.0,0,1,0,2,0.1338576953161886,0,0,0,0,0,0,0,0,0,1,0
20.0,0,1,0,2,0.15846628164529478,0,0,0,1,0,0,0,0,0,0,0
50.0,0,1,0,2,0.0701549909519699,0,0,0,0,0,0,0,0,0,1,0
10.0,0,1,0,2,0.08403796225876256,0,0,0,1,0,0,0,0,0,0,0
22.5,1,0,0,2,0.09239241112822784,0,0,0,0,0,0,0,0,0,1,0
28.0,1,0,0,2,0.26849391443793685,0,0,0,0,0,0,0,0,0,1,0
21518.0,0,1,0,2,0.8666593213513951,0,0,0,0,0,0,0,0,0,1,0
14.0,0,1,0,2,0.2317413121942635,0,0,0,0,0,0,0,0,0,1,0
104.0,0,1,0,2,0.42690821000901635,0,0,0,0,0,0,0,0,0,1,0
77.5,1,0,0,2,0.28480374073472997,0,0,0,0,0,0,0,0,0,1,0
1648.0,0,1,0,2,0.5646992707815933,0,0,0,0,0,0,0,0,0,1,0
85.0,0,1,0,2,0.7758011453031081,0,0,0,0,0,0,0,0,0,1,0
33068.0,1,0,0,2,1.9473987859507291,0,0,0,1,0,0,0,0,0,0,0
61285.0,0,1,0,2,1.6046590951566058,0,1,0,0,0,0,0,0,0,0,0
180.0,0,1,0,2,0.09558604373069078,0,0,0,1,0,0,0,0,0,0,0
185.0,0,1,0,2,0.056971146189862265,0,0,0,0,0,0,0,0,0,1,0
2289.46,0,1,0,2,0.1472176459008738,0,0,0,0,0,0,0,0,0,1,0
1386.46,0,1,0,2,0.19632364526858598,0,0,0,1,0,0,0,0,0,0,0
1688.34,0,1,0,2,0.4565438734308053,0,0,0,0,0,0,0,0,0,1,0
1998.2,0,1,0,2,1.3846176344171535,0,1,0,0,0,0,0,0,0,0,0
7979.49,0,1,0,2,0.43268883115302736,0,0,0,1,0,0,0,0,0,0,0
71.7,0,1,0,2,1.611451524171142,0,0,0,1,0,0,0,0,0,0,0
1541.56,0,1,0,2,0.08955774932899287,0,0,0,0,0,0,0,0,0,1,0
5.5,1,0,0,2,0.030848733015173595,0,1,0,0,0,0,0,0,0,0,0
17.0,0,1,0,2,0.41914570947576224,0,1,0,0,0,0,0,0,0,0,0
33547.0,0,1,0,2,0.31726999025712105,0,0,0,1,0,0,0,0,0,0,0
26280.8,0,1,0,2,0.22429009664661503,0,0,0,1,0,0,0,0,0,0,0
27.0,0,1,0,2,0.062242924614558534,0,1,0,0,0,0,0,0,0,0,0
5.0,0,1,0,2,0.4438787433163534,0,0,0,1,0,0,0,0,0,0,0
7.2,0,1,0,2,0.3227904351254647,0,0,0,1,0,0,0,0,0,0,0
54.0,0,1,0,2,0.2176490927134539,0,1,0,0,0,0,0,0,0,0,0
5.0,0,1,0,2,0.06601667839733247,0,1,0,0,0,0,0,0,0,0,0
62.0,0,1,0,2,0.45402685238300994,0,0,0,1,0,0,0,0,0,0,0
10.0,0,1,0,2,0.2784712874627652,0,0,0,1,0,0,0,0,0,0,0
62.0,0,1,0,2,0.08340834936676594,0,0,0,1,0,0,0,0,0,0,0
78.0,0,1,0,2,0.14546510946633678,0,0,0,1,0,0,0,0,0,0,0
215.0,0,1,0,2,0.4158603044875018,0,0,0,1,0,0,0,0,0,0,0
5.6,1,0,0,2,0.003959793879873205,0,1,0,0,0,0,0,0,0,0,0
35.5,1,0,0,2,0.3055352435503547,0,1,0,0,0,0,0,0,0,0,0
285.0,1,0,0,2,0.17898822284258661,0,1,0,0,0,0,0,0,0,0,0
6.0,1,0,0,2,0.009034990321249698,0,1,0,0,0,0,0,0,0,0,0
7.5,1,0,0,2,0.08508310181399627,0,1,0,0,0,0,0,0,0,0,0
12.0,1,0,0,2,0.17084253331224664,0,1,0,0,0,0,0,0,0,0,0
5.4,0,1,0,2,0.6223814869070632,0,1,0,0,0,0,0,0,0,0,0
7932.0,0,1,0,2,0.14741702018502725,0,1,0,0,0,0,0,0,0,0,0
10.5,0,1,0,2,0.22071646410166892,0,1,0,0,0,0,0,0,0,0,0
210.0,0,1,0,2,0.7422381823552454,0,0,0,1,0,0,0,0,0,0,0
10.9,0,1,0,2,0.08968414843079672,0,1,0,0,0,0,0,0,0,0,0
17.0,0,1,0,2,0.2137012761219188,0,1,0,0,0,0,0,0,0,0,0
827.0,0,1,0,2,0.7235053316193547,0,0,0,1,0,0,0,0,0,0,0
4057.0,0,1,0,2,0.613255369359993,0,1,0,0,0,0,0,0,0,0,0
5.1,1,0,0,2,0.7260022240273637,0,1,0,0,0,0,0,0,0,0,0
6.5,1,0,0,2,1.3753993687906934,0,1,0,0,0,0,0,0,0,0,0
15.2,1,0,0,2,0.641282153871342,0,1,0,0,0,0,0,0,0,0,0
13.0,0,1,0,2,1.487042474608176,0,1,0,0,0,0,0,0,0,0,0
6.8,0,1,0,2,1.5091536860696857,0,1,0,0,0,0,0,0,0,0,0
1290.0,0,1,0,2,1.418282778382149,0,1,0,0,0,0,0,0,0,0,0
55.9,0,1,0,2,1.017600052341546,0,1,0,0,0,0,0,0,0,0,0
36.7,0,1,0,2,1.1176090146150113,0,1,0,0,0,0,0,0,0,0,0
16.9,0,1,0,2,1.4491514851850846,0,1,0,0,0,0,0,0,0,0,0
37.4,0,1,0,2,1.2067013746468054,0,1,0,0,0,0,0,0,0,0,0
312.3,0,1,0,2,1.42921964196033,0,1,0,0,0,0,0,0,0,0,0
22.5,0,1,0,2,0.08859270378381087,0,0,0,1,0,0,0,0,0,0,0
88.3,0,1,0,2,0.09589820105623802,0,0,0,1,0,0,0,0,0,0,0
8.0,0,0,1,2,0.22439886643269064,0,0,0,1,0,0,0,0,0,0,0
5.8,1,0,0,2,0.008478935643691001,0,0,0,0,0,1,0,0,0,0,0
5.5,1,0,0,2,0.01455760722233618,0,0,0,0,0,0,0,1,0,0,0
6.6,1,0,0,2,0.0720856909724667,1,0,0,0,0,0,0,0,0,0,0
7.8,1,0,0,2,0.0794242339392652,1,0,0,0,0,0,0,0,0,0,0
15.6,1,0,0,2,0.05056009402184098,0,0,0,0,0,1,0,0,0,0,0
10.6,1,0,0,2,0.04758482896229863,1,0,0,0,0,0,0,0,0,0,0
8.0,0,1,0,2,0.14177182770261906,0,0,0,1,0,0,0,0,0,0,0
85.0,1,0,0,2,0.023670158017683053,0,0,0,0,0,0,0,1,0,0,0
114.0,0,1,0,2,0.34938605189353755,0,0,0,1,0,0,0,0,0,0,0
15.4,0,1,0,2,0.0596018720759815,0,0,0,1,0,0,0,0,0,0,0
10.0,1,0,0,2,0.0023082734808883396,0,0,0,0,0,0,0,1,0,0,0
80.0,1,0,0,2,0.058072488256176134,0,0,0,0,0,0,0,1,0,0,0
80.0,1,0,0,2,0.042602397863416984,1,0,0,0,0,0,0,0,0,0,0
9.4,0,1,0,2,0.01953819866502906,0,0,0,0,0,0,0,1,0,0,0
20.0,0,1,0,2,0.08143605384246037,0,0,0,0,0,0,0,1,0,0,0
15.0,0,1,0,2,0.01184566880619364,0,0,0,0,0,0,0,1,0,0,0
15.0,0,1,0,2,0.22107075031250273,0,0,0,1,0,0,0,0,0,0,0
8.2,0,1,0,2,0.006222149877716322,0,0,0,0,0,0,0,1,0,0,0
345.0,0,1,0,2,0.09603238036171667,0,0,0,0,0,1,0,0,0,0,0
7.5,0,1,0,2,0.03962509806728059,0,0,0,0,0,0,0,1,0,0,0
101.0,0,1,0,2,0.05122038195072214,0,0,0,0,0,0,1,0,0,0,0
345.0,0,1,0,2,0.018997330093028193,0,0,0,0,0,1,0,0,0,0,0
5.0,0,1,0,2,0.07930530581076928,0,0,0,0,0,0,0,1,0,0,0
6.71,0,1,0,2,0.06164756461877038,0,0,0,0,0,0,0,1,0,0,0
40.0,0,1,0,2,0.019376701679381554,0,0,0,0,0,1,0,0,0,0,0
21.0,0,1,0,2,0.05117365690149898,0,0,0,0,0,0,0,1,0,0,0
5.3,0,1,0,2,0.2670126435714659,0,0,0,0,0,0,1,0,0,0,0
19.1,0,1,0,2,0.07615778647424618,0,0,0,0,0,0,0,1,0,0,0
16.0,0,1,0,2,0.05765563298024601,0,0,0,0,0,0,0,1,0,0,0
6.2,0,1,0,2,0.15831100169663997,0,0,0,0,0,1,0,0,0,0,0
5.0,1,0,0,2,0.013287184959569941,0,0,0,0,0,0,0,1,0,0,0
5.0,0,1,0,2,0.0198568768261629,0,0,0,1,0,0,0,0,0,0,0
400.0,0,1,0,2,0.0260870115513742,0,0,0,1,0,0,0,0,0,0,0
375.0,0,1,0,2,0.15309662228938825,0,0,0,0,0,1,0,0,0,0,0
34.0,0,1,0,2,0.20889842581206514,0,0,0,0,0,1,0,0,0,0,0
5.0,0,1,0,2,0.030755394119997538,0,0,0,0,0,1,0,0,0,0,0
182.0,0,1,0,2,0.05981873754239313,0,0,0,0,0,0,0,1,0,0,0
100.0,0,0,0,2,0.08025940938044991,0,0,0,0,0,1,0,0,0,0,0
7.0,1,0,0,2,0.024157851031565095,0,0,0,0,0,0,0,1,0,0,0
17.2,1,0,0,2,0.02475955852663767,0,0,0,0,0,0,0,1,0,0,0
1389.0,0,1,0,2,0.009041178338220096,0,0,0,0,0,0,0,1,0,0,0
5.0,0,1,0,2,0.1817494713582408,0,0,0,0,0,0,1,0,0,0,0
5.0,0,1,0,2,0.052018528341031475,0,0,0,0,0,0,1,0,0,0,0
15.0,0,1,0,2,0.17634133348927808,0,0,0,1,0,0,0,0,0,0,0
13.7,0,0,1,2,0.04147959819358411,0,0,0,0,0,0,0,1,0,0,0
8.0,0,0,0,2,0.03827757842684961,0,0,0,0,0,0,0,1,0,0,0
18.3,1,0,0,2,0.053245267206454325,0,0,0,0,0,1,0,0,0,0,0
12.6,0,1,0,2,0.018745597347136406,0,0,0,0,0,1,0,0,0,0,0
23.0,0,1,0,2,0.34586816687780925,0,0,0,1,0,0,0,0,0,0,0
676.0,0,1,0,2,0.15652177702566003,0,0,0,1,0,0,0,0,0,0,0
6.6,0,1,0,2,0.26364653566721935,0,0,0,1,0,0,0,0,0,0,0
11.0,0,0,0,2,0.021054481556670102,0,0,0,0,0,1,0,0,0,0,0
18.8,0,0,0,2,0.06689674107056662,0,0,0,0,0,1,0,0,0,0,0
8.3,0,1,0,2,0.12357450882257168,0,0,0,0,0,1,0,0,0,0,0
708.0,0,1,0,2,0.20572199269146568,0,0,0,1,0,0,0,0,0,0,0
1976.0,0,1,0,2,0.10796921225872658,0,0,0,0,0,1,0,0,0,0,0
728.0,0,1,0,2,0.4241937697352408,0,0,0,1,0,0,0,0,0,0,0
240.0,0,1,0,2,0.29070928583268635,0,0,0,1,0,0,0,0,0,0,0
1222.0,0,1,0,2,0.3148634552566944,0,0,0,1,0,0,0,0,0,0,0
117.0,0,1,0,2,0.13598980312884204,0,0,0,1,0,0,0,0,0,0,0
232.0,0,1,0,2,0.45309456304547546,0,0,0,1,0,0,0,0,0,0,0
40.3,0,1,0,2,0.4800563360270043,0,0,0,0,1,0,0,0,0,0,0
48.7,0,1,0,2,0.11221900788193498,0,0,0,0,1,0,0,0,0,0,0
33.4,0,1,0,2,0.08960682474035256,0,0,0,1,0,0,0,0,0,0,0
14.3,0,1,0,2,0.03212767166251837,0,0,0,0,1,0,0,0,0,0,0
14.5,0,1,0,2,0.06310961486339778,0,0,0,0,1,0,0,0,0,0,0
173.0,0,1,0,2,0.03720436739731656,0,0,0,1,0,0,0,0,0,0,0
73.0,0,1,0,2,0.00027337175180920876,0,0,0,1,0,0,0,0,0,0,0
6.7,1,0,0,2,0.014443981140267072,0,0,0,0,1,0,0,0,0,0,0
11.0,1,0,0,2,0.21794277355160763,0,0,0,0,1,0,0,0,0,0,0
15.0,0,1,0,2,0.07564699586646406,0,0,0,1,0,0,0,0,0,0,0
17.0,0,1,0,2,0.11258927510519119,0,0,0,1,0,0,0,0,0,0,0
45.0,0,1,0,2,0.18095484009729065,0,0,0,1,0,0,0,0,0,0,0
80.0,0,1,0,2,0.43084095860554955,0,0,0,1,0,0,0,0,0,0,0
6.3,1,0,0,2,0.15541572756425556,0,0,0,0,0,0,0,0,0,1,0
43.0,0,1,0,2,0.16418064685305728,0,0,0,0,0,0,0,0,0,1,0
133100.0,0,1,0,2,0.6520232971734684,0,0,0,1,0,0,0,0,0,0,0
3750.0,0,1,0,2,0.9900233693708226,0,0,0,0,0,0,0,0,0,1,0
5.6,0,1,0,2,0.2180770777918082,0,0,0,0,0,0,0,0,0,1,0
3450.0,0,1,0,2,0.17373554244592282,0,0,0,1,0,0,0,0,0,0,0
20.0,0,1,0,2,0.41083517513385276,0,0,0,0,0,0,0,0,0,1,0
15.0,1,0,0,2,0.32281296130962234,0,0,0,0,1,0,0,0,0,0,0
36.0,1,0,0,2,0.011612560530237067,0,0,0,0,1,0,0,0,0,0,0
29.4,0,1,0,2,0.021724327932090035,0,0,1,0,0,0,0,0,0,0,0
2830.0,0,1,0,2,0.8212844356274672,0,0,0,0,0,0,0,0,0,0,1
15.0,0,1,0,2,0.6477505870198853,0,0,0,0,0,0,0,0,0,0,0
38.0,0,1,0,2,0.3004296752217296,0,0,0,1,0,0,0,0,0,0,0
540.0,0,1,0,2,0.5155730790206836,0,0,1,0,0,0,0,0,0,0,0
11.0,0,1,0,2,0.4840504864571497,0,0,0,0,0,0,0,0,0,0,0
130.0,0,1,0,2,0.5108461500295648,0,0,1,0,0,0,0,0,0,0,0
6.0,0,1,0,2,0.03934963729592027,0,0,1,0,0,0,0,0,0,0,0
94.5,1,0,0,2,0.024493680753785833,0,0,1,0,0,0,0,0,0,0,0
300.0,0,1,0,2,0.5191087158168393,0,0,1,0,0,0,0,0,0,0,0
163.0,0,1,0,2,0.11264793002634702,0,0,0,1,0,0,0,0,0,0,0
6.5,0,1,0,2,0.737267449528733,0,0,1,0,0,0,0,0,0,0,0
6.5,0,1,0,2,0.050368151631663916,0,0,1,0,0,0,0,0,0,0,0
66.0,0,1,0,2,0.07321317567745529,0,0,1,0,0,0,0,0,0,0,0
165.0,0,1,0,2,0.020167442001353834,0,0,1,0,0,0,0,0,0,0,0
2985.0,0,1,0,3,0.489440367453926,0,0,1,0,0,0,0,0,0,0,0
7.7,0,1,0,3,0.032259112486164594,0,0,1,0,0,0,0,0,0,0,0
1386.0,0,1,0,3,0.20506749465687293,0,0,1,0,0,0,0,0,0,0,0
5.7,1,0,0,3,0.4333837217944903,0,0,1,0,0,0,0,0,0,0,0
12495.0,1,0,0,3,0.5437862037459604,0,0,1,0,0,0,0,0,0,0,0
6735.0,0,1,0,3,0.6652156203869647,0,0,1,0,0,0,0,0,0,0,0
16.0,1,0,0,3,0.3483136347940249,0,0,1,0,0,0,0,0,0,0,0
423.0,0,1,0,3,0.01812576207068364,0,0,1,0,0,0,0,0,0,0,0
30.0,0,1,0,3,0.22598106996109,0,0,1,0,0,0,0,0,0,0,0
5.9,1,0,0,3,0.06171843557011165,0,0,1,0,0,0,0,0,0,0,0
16.0,0,1,0,3,0.002595880517170606,0,0,1,0,0,0,0,0,0,0,0
9.7,0,1,0,3,0.03266698964663276,0,0,1,0,0,0,0,0,0,0,0
400.0,0,1,0,3,0.11945343490980631,0,0,1,0,0,0,0,0,0,0,0
18.0,0,1,0,3,0.010852836569866289,0,0,0,0,0,0,0,0,0,0,0
450.0,0,1,0,3,0.009474686072348072,0,0,1,0,0,0,0,0,0,0,0
17.0,0,1,0,3,0.013509248576272346,0,0,1,0,0,0,0,0,0,0,0
437.0,0,1,0,3,0.7649506619127623,0,0,0,0,0,0,0,0,0,1,0
5.0,1,0,0,3,0.008497992691090514,0,0,0,0,0,0,0,0,0,1,0
1159.3,0,1,0,3,0.9957703495449148,0,0,1,0,0,0,0,0,0,0,0
8.2,0,1,0,3,0.14679844414601828,0,0,0,0,1,0,0,0,0,0,0
142.3,0,1,0,3,0.27399921995336474,0,0,1,0,0,0,0,0,0,0,0
700.0,1,0,0,3,0.9700776419029808,0,0,0,0,0,0,0,0,0,1,0
15000.0,1,0,0,3,0.46102438567866433,0,1,0,0,0,0,0,0,0,0,0
8743.0,1,0,0,3,0.8374072560692689,0,0,0,0,0,0,0,0,0,1,0
4070.0,1,0,0,3,0.8139126621096573,0,1,0,0,0,0,0,0,0,0,0
12.0,1,0,0,3,0.35763983955349643,0,1,0,0,0,0,0,0,0,0,0
23.0,0,1,0,3,0.24618654517314745,0,1,0,0,0,0,0,0,0,0,0
25000.0,1,0,0,3,0.20354009097521214,0,0,0,0,0,0,0,0,0,1,0
6.0,1,0,0,3,0.10560096932584946,0,0,0,0,0,0,0,0,0,1,0
6.1,1,0,0,3,0.5252222055558979,0,0,0,0,0,0,0,0,0,1,0
440.0,0,1,0,3,0.6928052067321704,0,0,0,1,0,0,0,0,0,0,0
54.0,0,1,0,3,0.028230294582311265,0,0,0,0,1,0,0,0,0,0,0
11.85,0,1,0,3,0.33238941670188354,0,0,0,0,0,0,0,0,0,1,0
29.7,1,0,0,3,0.06655675981997763,0,0,0,0,1,0,0,0,0,0,0
50.0,1,0,0,3,0.006551569475976522,0,0,0,0,0,0,0,0,0,1,0
420.0,1,0,0,3,0.3665311193532968,0,0,0,0,0,0,0,0,0,1,0
6.1,1,0,0,3,0.6491361529324194,0,0,0,0,0,0,0,0,0,1,0
6.7,1,0,0,3,0.7082473975884674,0,0,0,0,0,0,0,0,0,1,0
44.0,1,0,0,3,0.6212394006106671,0,0,0,0,0,0,0,0,0,1,0
37.5,1,0,0,3,1.4515812161702628,0,1,0,0,0,0,0,0,0,0,0
31.0,1,0,0,3,0.05741296977089352,0,0,0,0,0,0,0,0,0,1,0
12845.0,1,0,0,3,1.2320290458353715,0,0,0,0,0,0,0,0,0,0,1
1626.5,0,1,0,3,0.553490684248485,0,1,0,0,0,0,0,0,0,0,0
5340.0,0,1,0,3,0.41222515244784363,0,0,0,0,0,0,0,0,0,1,0
44.0,1,0,0,3,0.14108225634184784,0,1,0,0,0,0,0,0,0,0,0
8.6,1,0,0,3,0.012636861176515564,0,1,0,0,0,0,0,0,0,0,0
15.0,1,0,0,3,0.14037117481745431,0,1,0,0,0,0,0,0,0,0,0
6.5,1,0,0,3,0.2457756076707346,0,0,0,0,0,0,0,0,0,1,0
5.6,0,1,0,3,0.22087399519112386,0,0,0,1,0,0,0,0,0,0,0
28.5,1,0,0,3,0.009639174002649027,0,1,0,0,0,0,0,0,0,0,0
38.0,1,0,0,3,0.049344949292759684,0,1,0,0,0,0,0,0,0,0,0
545.0,1,0,0,3,0.5747310035627767,0,1,0,0,0,0,0,0,0,0,0
19.0,1,0,0,3,0.49647727553738935,0,1,0,0,0,0,0,0,0,0,0
41.0,1,0,0,3,0.7955853879433489,0,1,0,0,0,0,0,0,0,0,0
905.0,1,0,0,3,0.945948122062965,0,1,0,0,0,0,0,0,0,0,0
12.0,1,0,0,3,0.4134868365986372,0,1,0,0,0,0,0,0,0,0,0
81.0,1,0,0,3,0.5574230778870429,0,1,0,0,0,0,0,0,0,0,0
7.8,1,0,0,3,0.26971796582586627,0,1,0,0,0,0,0,0,0,0,0
20000.0,0,1,0,3,0.43103943892056323,0,1,0,0,0,0,0,0,0,0,0
20.0,0,1,0,3,0.7567028062031544,0,1,0,0,0,0,0,0,0,0,0
20.0,0,1,0,3,0.5596280287145381,0,1,0,0,0,0,0,0,0,0,0
15.0,0,1,0,3,0.09381724613030029,0,1,0,0,0,0,0,0,0,0,0
47.0,0,1,0,3,1.0033751664491732,0,1,0,0,0,0,0,0,0,0,0
139.2,1,0,0,3,1.0263854052483015,0,1,0,0,0,0,0,0,0,0,0
1966.8,1,0,0,3,0.2043871291748247,0,1,0,0,0,0,0,0,0,0,0
38.4,1,0,0,3,1.0924205524449888,0,1,0,0,0,0,0,0,0,0,0
5.2,1,0,0,3,0.07109216440812156,0,1,0,0,0,0,0,0,0,0,0
25.3,1,0,0,3,1.5168506821771637,0,1,0,0,0,0,0,0,0,0,0
18070.6,1,0,0,3,0.28721659747389355,0,1,0,0,0,0,0,0,0,0,0
393.8,1,0,0,3,0.8701213297084469,0,1,0,0,0,0,0,0,0,0,0
35327.7,1,0,0,3,0.40859217178257945,0,1,0,0,0,0,0,0,0,0,0
305.8,1,0,0,3,0.7440945607795616,0,1,0,0,0,0,0,0,0,0,0
946.7,1,0,0,3,1.4845090835813979,0,1,0,0,0,0,0,0,0,0,0
223.7,1,0,0,3,0.18617609085270334,0,1,0,0,0,0,0,0,0,0,0
61.8,1,0,0,3,0.43301483762910603,0,1,0,0,0,0,0,0,0,0,0
7.1,0,1,0,3,1.643114895837734,0,1,0,0,0,0,0,0,0,0,0
207.0,0,1,0,3,1.55241906617327,0,1,0,0,0,0,0,0,0,0,0
4175.6,0,1,0,3,1.303639572701966,0,1,0,0,0,0,0,0,0,0,0
22.5,0,1,0,3,1.668690607532294,0,1,0,0,0,0,0,0,0,0,0
5.5,0,1,0,3,1.2001264862930838,0,1,0,0,0,0,0,0,0,0,0
366.4,0,1,0,3,0.020086296520835333,0,1,0,0,0,0,0,0,0,0,0
2204.6,0,1,0,3,1.591830518272038,0,1,0,0,0,0,0,0,0,0,0
1280.4,0,1,0,3,1.5603067081555577,0,1,0,0,0,0,0,0,0,0,0
13498.6,0,1,0,3,1.4752367994528768,0,1,0,0,0,0,0,0,0,0,0
6254.2,0,1,0,3,1.3183371909545951,0,1,0,0,0,0,0,0,0,0,0
1047.0,0,1,0,3,0.2629913262027033,0,1,0,0,0,0,0,0,0,0,0
22.0,0,1,0,3,1.4545845792335435,0,1,0,0,0,0,0,0,0,0,0
27.2,0,1,0,3,1.006739787723403,0,1,0,0,0,0,0,0,0,0,0
1918.3,0,1,0,3,0.9686525029807979,0,1,0,0,0,0,0,0,0,0,0
2421.1,0,1,0,3,0.7085358349885397,0,1,0,0,0,0,0,0,0,0,0
3994.4,0,1,0,3,0.13689275101620924,0,1,0,0,0,0,0,0,0,0,0
1399.4,0,1,0,3,0.5809546458269237,0,1,0,0,0,0,0,0,0,0,0
39.3,0,1,0,3,1.0432187251662683,0,1,0,0,0,0,0,0,0,0,0
3151.8,0,1,0,3,1.439256821480566,0,1,0,0,0,0,0,0,0,0,0
36.0,0,1,0,3,0.6293543741356687,0,1,0,0,0,0,0,0,0,0,0
2395.6,0,1,0,3,1.0123637098711535,0,1,0,0,0,0,0,0,0,0,0
26.6,0,1,0,3,1.0989947545566268,0,1,0,0,0,0,0,0,0,0,0
9.4,0,1,0,3,0.1388486782621593,0,1,0,0,0,0,0,0,0,0,0
343.4,1,0,0,3,0.36559987020967016,0,1,0,0,0,0,0,0,0,0,0
7803.8,0,1,0,3,0.03860769447388219,0,1,0,0,0,0,0,0,0,0,0
10827.3,0,1,0,3,0.007426699776019018,0,1,0,0,0,0,0,0,0,0,0
307.0,0,1,0,3,1.06769329346298,0,1,0,0,0,0,0,0,0,0,0
66.2,1,0,0,3,0.03454929901950136,0,0,0,0,1,0,0,0,0,0,0
5.8,0,1,0,3,0.05902438698381466,0,0,0,0,0,1,0,0,0,0,0
30.7,0,1,0,3,0.5764725771051394,0,0,0,0,1,0,0,0,0,0,0
32.0,0,1,0,3,0.07444323734866834,0,0,0,0,1,0,0,0,0,0,0
21.0,0,1,0,3,0.24947888721280684,0,0,0,0,1,0,0,0,0,0,0
21.0,0,1,0,3,0.10671268398665222,0,0,0,1,0,0,0,0,0,0,0
39.5,0,1,0,3,0.053850280497243525,1,0,0,0,0,0,0,0,0,0,0
25.0,0,1,0,3,0.07623424535215395,0,0,0,0,0,0,1,0,0,0,0
7.2,0,1,0,3,0.008718743963384843,0,0,0,0,0,0,0,1,0,0,0
230.0,0,1,0,3,0.15622647981422885,0,0,0,0,0,1,0,0,0,0,0
235.0,0,1,0,3,0.06663430694929709,0,0,0,0,0,1,0,0,0,0,0
348.0,0,1,0,3,0.043598502688646734,0,0,0,0,0,1,0,0,0,0,0
100.0,1,0,0,3,0.07615628052091858,1,0,0,0,0,0,0,0,0,0,0
13.2,1,0,0,3,0.14361531189629353,0,0,0,0,0,1,0,0,0,0,0
70.0,0,1,0,3,0.07752951353673831,0,0,0,0,0,1,0,0,0,0,0
20.0,0,1,0,3,0.005015521969403453,0,0,0,0,0,0,0,1,0,0,0
588.0,0,1,0,3,0.23762949117367135,0,0,0,1,0,0,0,0,0,0,0
55.0,0,1,0,3,0.12220265362762255,0,0,0,0,0,1,0,0,0,0,0
147.0,0,1,0,3,0.21301746857264986,0,0,0,0,0,1,0,0,0,0,0
460.0,0,1,0,3,0.11017920348984224,0,0,0,0,0,1,0,0,0,0,0
130.0,0,1,0,3,0.003391475793045914,0,0,0,0,0,0,0,1,0,0,0
5202.0,0,1,0,3,0.008255884612212421,0,0,0,0,0,1,0,0,0,0,0
317.0,0,1,0,3,0.006161174297665553,0,0,0,0,0,0,0,1,0,0,0
6.0,0,1,0,3,0.01812276093377526,0,0,0,0,0,1,0,0,0,0,0
194.0,0,1,0,3,0.18551085505903872,0,0,0,0,0,0,1,0,0,0,0
6.0,0,1,0,3,0.1984948374717452,0,0,0,0,0,0,1,0,0,0,0
11.0,1,0,0,3,0.003272041472331038,0,0,0,0,0,1,0,0,0,0,0
24.0,0,1,0,3,0.17711424338556533,0,0,0,0,0,0,1,0,0,0,0
45.0,0,1,0,3,0.03429253857610121,0,0,0,0,0,1,0,0,0,0,0
400.0,0,1,0,3,0.05915920632669901,0,0,0,0,0,1,0,0,0,0,0
8.1,0,1,0,3,0.037995323535240065,0,0,0,0,0,1,0,0,0,0,0
130.0,1,0,0,3,0.25269139371220783,0,0,0,0,0,1,0,0,0,0,0
8.0,1,0,0,3,0.04840315260864079,0,0,0,0,0,1,0,0,0,0,0
2174.0,1,0,0,3,0.10861865442246074,0,0,0,0,0,0,0,1,0,0,0
11.2,0,1,0,3,0.09552806274135416,0,0,0,0,0,0,0,1,0,0,0
45.0,0,1,0,3,0.0911869348039715,0,0,0,0,0,0,1,0,0,0,0
7.8,1,0,0,3,0.054111384886850473,0,0,0,0,0,1,0,0,0,0,0
6.5,0,1,0,3,0.05326046702955922,0,0,0,0,0,1,0,0,0,0,0
7.0,0,1,0,3,0.026939117240623707,0,0,0,0,0,1,0,0,0,0,0
207.0,0,1,0,3,0.4582927697144377,0,0,0,1,0,0,0,0,0,0,0
117.0,0,1,0,3,0.04314551435697589,0,0,0,0,0,1,0,0,0,0,0
250.0,0,1,0,3,0.10392413976810072,0,0,0,1,0,0,0,0,0,0,0
189.0,0,1,0,3,0.2222256860767765,0,0,0,0,1,0,0,0,0,0,0
200.0,0,1,0,3,0.13604173104403686,0,0,0,1,0,0,0,0,0,0,0
110.0,0,1,0,3,0.3280554677827917,0,0,0,0,1,0,0,0,0,0,0
70.0,0,1,0,3,0.20891052807461694,0,0,0,1,0,0,0,0,0,0,0
1250.0,0,1,0,3,0.25000351832744816,0,0,0,0,0,0,1,0,0,0,0
6.2,1,0,0,3,0.06061141955606683,0,0,0,0,0,1,0,0,0,0,0
54.0,0,1,0,3,0.013521841812080916,0,0,0,0,0,1,0,0,0,0,0
115.0,0,1,0,3,0.22605265492663215,0,0,0,1,0,0,0,0,0,0,0
19.0,0,1,0,3,0.030467625527424873,0,0,0,0,0,1,0,0,0,0,0
18.0,1,0,0,3,0.08554546793802739,0,0,0,0,0,0,1,0,0,0,0
126.0,1,0,0,3,0.32445059485915156,0,0,0,0,1,0,0,0,0,0,0
13.0,0,1,0,3,0.5630186933669801,0,0,0,1,0,0,0,0,0,0,0
145.0,0,1,0,3,0.12299037292909876,0,0,0,1,0,0,0,0,0,0,0
200.0,0,1,0,3,0.0924570440169758,0,0,0,1,0,0,0,0,0,0,0
5.8,0,1,0,3,0.24376085026613767,0,0,0,0,1,0,0,0,0,0,0
40.0,0,1,0,3,0.08724429756833896,0,0,0,0,1,0,0,0,0,0,0
227.0,0,1,0,3,0.17072354604286444,0,0,0,0,1,0,0,0,0,0,0
47.0,0,1,0,3,0.13722982742544337,0,0,0,1,0,0,0,0,0,0,0
1240.0,0,1,0,3,0.2576554924173412,0,0,0,0,1,0,0,0,0,0,0
23.0,0,1,0,3,0.2504749446883102,0,0,0,0,1,0,0,0,0,0,0
74.9,0,1,0,3,0.282125612925724,0,0,0,1,0,0,0,0,0,0,0
71.0,0,1,0,3,0.29752235320420056,0,0,0,1,0,0,0,0,0,0,0
26.1,0,1,0,3,0.08610488028729824,0,0,0,0,0,1,0,0,0,0,0
6.4,0,1,0,3,0.14173868642504428,0,0,0,0,0,1,0,0,0,0,0
17.7,0,1,0,3,0.005242069436434186,0,0,0,0,0,1,0,0,0,0,0
7.6,0,1,0,3,0.17725594157969532,0,0,0,0,0,1,0,0,0,0,0
6.8,0,1,0,3,0.004436397376771164,0,0,0,0,1,0,0,0,0,0,0
9.0,0,1,0,3,0.11840435707508175,0,0,0,0,1,0,0,0,0,0,0
18.85,0,1,0,3,0.18494529864852743,0,0,0,0,1,0,0,0,0,0,0
71.0,0,1,0,3,0.5099967938003686,0,0,0,0,0,0,1,0,0,0,0
4417.0,0,1,0,3,0.010869391375198982,0,0,0,0,0,1,0,0,0,0,0
1966.0,0,1,0,3,0.20370943659096913,0,0,0,0,1,0,0,0,0,0,0
320.0,0,1,0,3,0.03694001108934465,0,0,0,0,1,0,0,0,0,0,0
303.0,0,1,0,3,0.39237888592614856,0,0,0,1,0,0,0,0,0,0,0
277.3,0,1,0,3,0.23397362064260424,0,0,0,1,0,0,0,0,0,0,0
470.0,0,1,0,3,0.345588609417426,0,0,0,1,0,0,0,0,0,0,0
48.4,0,1,0,3,0.4920287048494703,0,0,0,1,0,0,0,0,0,0,0
777.0,0,1,0,3,0.0472279879615683,0,0,0,1,0,0,0,0,0,0,0
22.8,0,1,0,3,0.04676174337155351,0,0,0,0,1,0,0,0,0,0,0
70.6,0,1,0,3,0.5011410292817402,0,0,0,0,1,0,0,0,0,0,0
10.6,0,1,0,3,0.16763093026230697,0,0,0,1,0,0,0,0,0,0,0
13.0,0,1,0,3,0.46424064789837166,0,0,0,0,1,0,0,0,0,0,0
7.1,0,1,0,3,0.0038240548665976603,0,0,0,0,1,0,0,0,0,0,0
5.1,0,1,0,3,0.15544813903615337,0,0,0,1,0,0,0,0,0,0,0
41.5,0,1,0,3,0.17507554405119646,0,0,0,1,0,0,0,0,0,0,0
165.0,0,1,0,3,0.12688339710127886,0,0,0,1,0,0,0,0,0,0,0
480.0,0,1,0,3,0.03120325759477328,0,0,0,0,1,0,0,0,0,0,0
78.4,0,1,0,3,0.429606995109498,0,0,0,1,0,0,0,0,0,0,0
12.0,0,0,1,3,0.029040206970173146,0,0,0,0,1,0,0,0,0,0,0
164.0,1,0,0,3,0.5404802526918331,0,0,0,0,0,0,0,0,0,1,0
38.2,1,0,0,3,0.07523986008814035,0,0,0,0,0,1,0,0,0,0,0
355.0,1,0,0,3,0.1273871082680108,0,0,0,0,0,1,0,0,0,0,0
24.8,0,1,0,3,0.09891867075888625,0,0,0,0,0,1,0,0,0,0,0
655.0,0,1,0,3,0.04189428160549368,0,0,0,0,0,1,0,0,0,0,0
38.2,0,1,0,3,0.03678707591279329,0,0,0,0,0,1,0,0,0,0,0
17.1,0,0,0,3,0.003952947392649074,0,0,0,0,0,1,0,0,0,0,0
5.0,1,0,0,3,0.0010212368485195034,0,0,0,0,0,1,0,0,0,0,0
7.0,1,0,0,3,0.007885350194864115,0,0,0,0,0,1,0,0,0,0,0
13.1,1,0,0,3,0.014589066438736645,0,0,0,0,0,1,0,0,0,0,0
60.0,1,0,0,3,0.41789367057899457,1,0,0,0,0,0,0,0,0,0,0
7.0,1,0,0,3,0.36103135555940447,0,0,0,0,0,1,0,0,0,0,0
9.0,1,0,0,3,0.028911010194803525,0,0,0,0,0,1,0,0,0,0,0
10.0,1,0,0,3,0.039550446676312065,0,0,0,0,0,1,0,0,0,0,0
24.5,1,0,0,3,0.021286652694042306,0,0,0,0,0,1,0,0,0,0,0
5.7,1,0,0,3,0.052746811706214036,0,0,0,0,0,1,0,0,0,0,0
25.0,1,0,0,3,0.026022986254668878,0,0,0,0,0,1,0,0,0,0,0
11.2,1,0,0,3,0.28277440865782305,0,0,0,0,0,0,0,0,1,0,0
8089.0,0,1,0,3,0.1021575868959052,0,0,0,0,0,0,0,0,1,0,0
8.0,0,1,0,3,0.3668498199928816,0,0,0,0,0,0,0,0,1,0,0
378.87,0,1,0,3,0.9623220240426138,0,0,0,1,0,0,0,0,0,0,0
11.1,0,1,0,3,0.30004176157384727,0,0,0,0,0,0,0,0,1,0,0
78.0,0,1,0,4,0.022864653010433236,0,0,0,0,0,0,0,0,0,0,0
17.2,0,1,0,4,0.04537187276897436,0,0,1,0,0,0,0,0,0,0,0
5.2,0,1,0,4,0.26670409923468524,0,0,1,0,0,0,0,0,0,0,0
5.8,0,1,0,4,0.13398578410530876,0,0,1,0,0,0,0,0,0,0,0
7.0,0,1,0,4,0.015582028714862655,0,0,1,0,0,0,0,0,0,0,0
27.0,0,0,1,4,0.13880439490175478,0,0,1,0,0,0,0,0,0,0,0
189.9,0,1,0,4,0.8256191747074233,0,0,1,0,0,0,0,0,0,0,0
10.0,0,1,0,4,0.49155465399240006,0,0,1,0,0,0,0,0,0,0,0
150.0,0,0,0,4,0.058896165346348436,0,0,1,0,0,0,0,0,0,0,0
26.0,1,0,0,4,0.0659228421677878,0,0,0,0,0,0,0,0,0,1,0
11.9,1,0,0,4,0.08057252648258771,0,0,0,0,0,0,0,0,0,1,0
129.5,1,0,0,4,0.22809423535424614,0,0,0,0,0,0,0,0,0,1,0
15.9,0,1,0,4,0.019047996262014665,0,0,0,0,0,0,0,0,0,1,0
17.0,0,1,0,4,0.918884524287798,0,0,0,0,0,0,0,0,0,1,0
9.8,0,1,0,4,0.9465414029656585,0,0,0,1,0,0,0,0,0,0,0
6.0,1,0,0,4,0.033337453517478514,0,0,0,0,1,0,0,0,0,0,0
8.0,1,0,0,4,0.0900097954058399,0,0,1,0,0,0,0,0,0,0,0
13.0,0,1,0,4,0.06602428804890342,0,0,1,0,0,0,0,0,0,0,0
160.0,0,1,0,4,0.3838964440212701,0,1,0,0,0,0,0,0,0,0,0
100.0,0,1,0,4,0.47874223939570254,0,0,0,0,1,0,0,0,0,0,0
8.0,0,1,0,4,1.3213179715829737,0,1,0,0,0,0,0,0,0,0,0
439.0,0,1,0,4,1.0112721133766085,0,1,0,0,0,0,0,0,0,0,0
57.0,0,1,0,4,0.18409113152765852,0,1,0,0,0,0,0,0,0,0,0
4687.0,0,1,0,4,0.16428472540323968,0,1,0,0,0,0,0,0,0,0,0
14.0,1,0,0,4,0.19994440171872518,0,0,0,0,0,0,0,0,0,1,0
6.5,1,0,0,4,0.5177507068383589,0,0,0,0,0,0,0,0,0,1,0
7.0,0,1,0,4,0.0942981890700192,0,0,0,0,0,0,0,0,0,1,0
16.8,0,1,0,4,0.29061388002261795,0,0,0,1,0,0,0,0,0,0,0
7.0,1,0,0,4,0.058827191629564714,0,0,0,0,0,0,0,0,0,1,0
17.6,1,0,0,4,0.04634428977981128,0,0,0,0,0,0,0,0,0,1,0
20.0,1,0,0,4,0.05858208017129189,0,1,0,0,0,0,0,0,0,0,0
59.1,1,0,0,4,0.005488161502054007,0,1,0,0,0,0,0,0,0,0,0
40.0,1,0,0,4,0.04274818632183938,0,1,0,0,0,0,0,0,0,0,0
18.0,1,0,0,4,0.085927131958401,0,1,0,0,0,0,0,0,0,0,0
272.1,1,0,0,4,0.01640848588116628,0,1,0,0,0,0,0,0,0,0,0
37.0,1,0,0,4,0.0585453345661832,0,1,0,0,0,0,0,0,0,0,0
641.0,1,0,0,4,0.0058365742274641,0,1,0,0,0,0,0,0,0,0,0
447.0,1,0,0,4,0.2437402209807147,0,1,0,0,0,0,0,0,0,0,0
475.0,1,0,0,4,0.06221990604517323,0,1,0,0,0,0,0,0,0,0,0
18.0,1,0,0,4,0.06955365548901564,0,1,0,0,0,0,0,0,0,0,0
9.7,1,0,0,4,0.02162544707587253,0,1,0,0,0,0,0,0,0,0,0
539.0,1,0,0,4,0.08476206154982778,0,1,0,0,0,0,0,0,0,0,0
897.0,1,0,0,4,0.016035107635349242,0,1,0,0,0,0,0,0,0,0,0
16.4,1,0,0,4,0.04444058797903235,0,1,0,0,0,0,0,0,0,0,0
510.0,1,0,0,4,0.0777903177976384,0,1,0,0,0,0,0,0,0,0,0
14.0,1,0,0,4,0.11081285244465977,0,1,0,0,0,0,0,0,0,0,0
13.6,1,0,0,4,0.1336178270209534,0,1,0,0,0,0,0,0,0,0,0
74.0,1,0,0,4,0.2057283266990215,0,1,0,0,0,0,0,0,0,0,0
13.0,1,0,0,4,0.14921563330912663,0,1,0,0,0,0,0,0,0,0,0
58.5,0,1,0,4,0.15087255160553584,0,1,0,0,0,0,0,0,0,0,0
20.0,1,0,0,4,0.031126044303147065,0,1,0,0,0,0,0,0,0,0,0
420.0,1,0,0,4,0.04269084244775728,0,1,0,0,0,0,0,0,0,0,0
100.0,1,0,0,4,0.07305024122775154,0,1,0,0,0,0,0,0,0,0,0
15739.0,1,0,0,4,0.11927030329395738,0,1,0,0,0,0,0,0,0,0,0
500.0,1,0,0,4,0.01248644700619004,0,1,0,0,0,0,0,0,0,0,0
25.0,1,0,0,4,0.013976769421883455,0,1,0,0,0,0,0,0,0,0,0
52.0,1,0,0,4,0.02195280102031927,0,1,0,0,0,0,0,0,0,0,0
250.0,1,0,0,4,0.002677956000394295,0,1,0,0,0,0,0,0,0,0,0
96.0,1,0,0,4,0.05862469188044207,0,1,0,0,0,0,0,0,0,0,0
62700.0,1,0,0,4,0.26523879043165793,0,1,0,0,0,0,0,0,0,0,0
5636.0,1,0,0,4,0.10096017566618189,0,1,0,0,0,0,0,0,0,0,0
237.0,1,0,0,4,0.3755366753242709,0,1,0,0,0,0,0,0,0,0,0
131.0,1,0,0,4,0.2087754119020959,0,1,0,0,0,0,0,0,0,0,0
79.0,1,0,0,4,0.004816151412902718,0,1,0,0,0,0,0,0,0,0,0
84.0,1,0,0,4,0.08624386946231585,0,1,0,0,0,0,0,0,0,0,0
300.0,1,0,0,4,0.22744274486698698,0,1,0,0,0,0,0,0,0,0,0
236.0,1,0,0,4,0.07229560006291398,0,1,0,0,0,0,0,0,0,0,0
31.0,1,0,0,4,0.0447722520054715,0,1,0,0,0,0,0,0,0,0,0
25.0,1,0,0,4,0.060924622636835596,0,1,0,0,0,0,0,0,0,0,0
13.0,1,0,0,4,0.4019600744511148,0,1,0,0,0,0,0,0,0,0,0
14.4,0,1,0,4,0.9229194364350124,0,1,0,0,0,0,0,0,0,0,0
16.6,0,1,0,4,0.3405936467939999,0,1,0,0,0,0,0,0,0,0,0
29.7,1,0,0,4,0.0021225218316200355,0,0,0,0,0,0,0,0,0,0,1
6.0,1,0,0,4,0.9454787898722629,0,1,0,0,0,0,0,0,0,0,0
101.3,0,1,0,4,0.6371254021617234,0,1,0,0,0,0,0,0,0,0,0
22.4,0,1,0,4,0.9999510637465953,0,1,0,0,0,0,0,0,0,0,0
8.3,0,1,0,4,0.670463469803895,0,1,0,0,0,0,0,0,0,0,0
98.1,0,1,0,4,0.40916686116941026,0,1,0,0,0,0,0,0,0,0,0
21.2,0,1,0,4,1.6722418270875306,0,1,0,0,0,0,0,0,0,0,0
20.9,0,1,0,4,0.9210901738360336,0,1,0,0,0,0,0,0,0,0,0
60.0,0,1,0,4,1.2456195232003278,0,1,0,0,0,0,0,0,0,0,0
19.9,0,1,0,4,1.131080799924791,0,1,0,0,0,0,0,0,0,0,0
13.8,0,1,0,4,1.0970330331431797,0,1,0,0,0,0,0,0,0,0,0
392.6,0,1,0,4,0.9850109865950163,0,1,0,0,0,0,0,0,0,0,0
13.7,0,1,0,4,1.4993583010243767,0,1,0,0,0,0,0,0,0,0,0
9.0,1,0,0,4,0.015762914766323386,0,0,0,0,0,0,0,1,0,0,0
12.9,1,0,0,4,0.0073325746018232,0,0,0,0,0,0,0,1,0,0,0
5.47,1,0,0,4,0.07592499785142089,1,0,0,0,0,0,0,0,0,0,0
17.0,0,1,0,4,0.11653892429262616,0,0,0,0,0,1,0,0,0,0,0
6.0,0,1,0,4,0.04964702582473924,0,0,0,0,0,1,0,0,0,0,0
16.0,1,0,0,4,0.04286335267235097,0,0,0,0,0,1,0,0,0,0,0
14.0,0,1,0,4,0.09951906589703727,0,0,0,0,0,0,1,0,0,0,0
60.34,0,1,0,4,0.032378761245144695,0,0,0,0,0,0,0,1,0,0,0
16.3,0,1,0,4,0.03615156660149252,1,0,0,0,0,0,0,0,0,0,0
92.5,1,0,0,4,0.06087242870283851,0,0,0,0,0,1,0,0,0,0,0
5.0,0,1,0,4,0.08114777382174934,0,0,0,0,0,0,1,0,0,0,0
11.7,0,1,0,4,0.22717189397467807,0,0,0,1,0,0,0,0,0,0,0
5.0,0,1,0,4,0.04326342666079192,0,0,0,0,0,1,0,0,0,0,0
31.0,1,0,0,4,0.02535828625941188,0,0,0,0,0,0,0,1,0,0,0
8.0,1,0,0,4,0.12419439870977554,0,0,0,0,0,1,0,0,0,0,0
12.0,1,0,0,4,0.09639442221804116,1,0,0,0,0,0,0,0,0,0,0
538.0,0,1,0,4,0.07960784192748167,0,0,0,0,0,0,0,1,0,0,0
37.0,1,0,0,4,0.05097899249873519,0,0,0,0,0,1,0,0,0,0,0
6.8,1,0,0,4,0.0795965424342835,0,0,0,0,0,1,0,0,0,0,0
24.0,1,0,0,4,0.1269528394584719,0,0,0,0,0,0,1,0,0,0,0
6.3,0,1,0,4,0.005410893686854171,0,0,0,0,0,1,0,0,0,0,0
15.0,0,1,0,4,0.09965438497670064,0,0,0,0,1,0,0,0,0,0,0
20.2,0,1,0,4,0.18186588297718398,0,0,0,0,1,0,0,0,0,0,0
20.6,0,1,0,4,0.09320642996434887,0,0,0,0,1,0,0,0,0,0,0
224.0,1,0,0,4,0.0045455125994261466,0,0,0,0,0,0,0,1,0,0,0
145.9,0,1,0,4,0.3632340931654895,0,0,0,1,0,0,0,0,0,0,0
8.0,1,0,0,4,0.04968970364443135,0,0,0,0,0,0,0,0,0,1,0
398.5,1,0,0,4,0.8305672954990679,0,0,0,0,0,0,0,0,1,0,0
18.7,0,1,0,4,0.42404311579352233,0,0,0,1,0,0,0,0,0,0,0
17.0,1,0,0,4,0.35910354002164596,0,0,0,0,0,0,0,0,1,0,0
11.9,0,1,0,4,0.053701587690478725,1,0,0,0,0,0,0,0,0,0,0
8.55,0,1,0,4,0.13254602063981435,1,0,0,0,0,0,0,0,0,0,0
5.3,1,0,0,4,0.010228390935029223,0,0,0,0,0,1,0,0,0,0,0
26.0,1,0,0,4,0.2294067181887403,0,0,0,0,0,1,0,0,0,0,0
10.5,1,0,0,4,0.050151531763725235,0,0,0,0,0,0,0,0,1,0,0
11.0,1,0,0,4,0.6397711918916863,0,0,0,0,0,1,0,0,0,0,0
11.8,1,0,0,4,0.10149017106830605,0,0,0,0,0,0,0,0,1,0,0
20.0,1,0,0,4,0.01219321855129412,0,0,0,0,0,0,0,0,1,0,0
8.0,1,0,0,4,0.003695085020835761,0,0,0,0,0,0,0,0,1,0,0
6.7,1,0,0,4,0.04440845913801273,0,0,0,0,0,0,0,0,1,0,0
200.0,1,0,0,4,0.1368847975913872,0,0,0,0,0,0,0,0,1,0,0
30.0,0,1,0,4,0.5544765336651667,0,0,1,0,0,0,0,0,0,0,0
8.7,1,0,0,5,0.0811962300093139,0,0,0,0,0,1,0,0,0,0,0
8.0,1,0,0,5,0.05733312894075242,0,0,0,0,0,1,0,0,0,0,0
132.2,1,0,0,5,0.48722419997532385,0,0,0,0,0,0,0,0,0,1,0
27.4,1,0,0,5,0.20149916174814655,0,0,0,0,0,1,0,0,0,0,0
25.9,0,1,0,5,0.2988407272726326,0,0,0,0,0,1,0,0,0,0,0
41.8,0,1,0,5,0.07940270560203075,0,0,0,0,0,0,0,0,1,0,0
196.0,0,1,0,5,0.5013510259087148,0,0,0,0,1,0,0,0,0,0,0
5711.0,0,1,0,5,0.07905453783331226,0,0,0,0,0,1,0,0,0,0,0
595.0,0,1,0,5,0.11563713325116456,0,0,0,0,0,0,0,0,0,1,0
127.2,0,1,0,5,0.05696416622651084,0,0,0,0,0,0,0,0,0,1,0
4121.7,0,1,0,5,0.033848603837946356,0,0,0,0,0,1,0,0,0,0,0
28.0,0,1,0,5,0.3524939421390975,0,0,0,0,0,0,0,0,0,1,0
40.9,0,1,0,5,0.07968306263473221,0,0,0,0,0,1,0,0,0,0,0
5648.0,0,1,0,5,0.17414757604621262,0,0,0,0,0,0,0,0,0,1,0
521012.0,0,1,0,5,0.44271606922751283,0,0,0,0,0,0,0,0,1,0,0
3387.0,0,1,0,5,0.13951966424585663,0,0,0,0,0,1,0,0,0,0,0
12723.0,0,1,0,5,0.08411808077783683,0,0,0,0,0,1,0,0,0,0,0
13211.0,0,1,0,5,0.1457846318695439,0,0,0,0,0,1,0,0,0,0,0
278.0,0,1,0,5,0.01720980804550957,0,0,0,0,0,1,0,0,0,0,0
239298.0,0,1,0,5,0.10108702281158653,0,0,0,0,0,1,0,0,0,0,0
25558.0,0,1,0,5,0.05386111996755231,0,0,0,0,0,1,0,0,0,0,0
13.8,0,1,0,5,0.20966636976544126,0,0,0,0,0,0,0,0,0,1,0
859.0,0,1,0,5,0.4096957945387023,0,0,0,0,0,0,0,0,0,1,0
92.3,0,1,0,5,0.371629963363565,0,0,0,0,0,0,1,0,0,0,0
21870.0,0,1,0,5,0.73077504323705,0,0,0,0,0,0,0,0,1,0,0
260.0,0,1,0,5,0.7591843940088869,0,0,0,0,0,0,0,0,0,1,0
97.3,0,1,0,5,0.055381178480657975,0,0,0,0,0,0,0,0,0,1,0
640.0,0,1,0,5,0.4760621406303354,0,0,0,1,0,0,0,0,0,0,0
587.0,0,1,0,5,0.4035482894978679,0,0,0,1,0,0,0,0,0,0,0
1712.0,0,1,0,5,0.20036066833482713,0,0,0,1,0,0,0,0,0,0,0
226.39,0,1,0,5,0.3720386378223227,0,0,0,1,0,0,0,0,0,0,0
577.0,0,1,0,5,0.6619199436536982,0,0,0,0,1,0,0,0,0,0,0
1375.0,0,1,0,5,0.5200397611322835,0,0,0,1,0,0,0,0,0,0,0
4831.0,0,1,0,5,0.5645982352666122,0,0,0,1,0,0,0,0,0,0,0
872.0,0,1,0,5,0.6311999801068631,0,0,0,0,1,0,0,0,0,0,0
1248.0,0,1,0,5,0.5812202383338789,0,0,0,0,1,0,0,0,0,0,0
1725.0,0,1,0,5,0.7295105071111266,0,0,0,1,0,0,0,0,0,0,0
26.0,0,1,0,5,0.49592725966406515,0,0,0,0,0,0,0,0,1,0,0
36.8,0,1,0,5,0.25783019883978914,0,0,0,1,0,0,0,0,0,0,0
197.3,0,1,0,5,0.2739113697997516,0,0,0,0,0,0,0,0,0,1,0
29.7,0,1,0,5,0.33732819707517947,0,0,0,0,0,0,0,0,0,1,0
6.0,0,1,0,5,0.4327330244666488,0,0,0,1,0,0,0,0,0,0,0
15.0,0,1,0,5,0.6369093743541504,0,0,0,1,0,0,0,0,0,0,0
561.0,0,1,0,5,0.758029911108297,0,0,0,0,1,0,0,0,0,0,0
14.0,0,1,0,5,0.47885466501550444,0,0,0,1,0,0,0,0,0,0,0
45.0,0,0,1,5,0.11527180219212306,0,0,0,0,0,0,0,0,1,0,0
5.2,0,0,1,5,0.4557657915217111,0,0,0,0,0,0,0,0,0,1,0
14.9,0,1,0,5,0.06598121395284437,0,0,1,0,0,0,0,0,0,0,0
202.0,0,1,0,5,0.3167462049545171,0,0,1,0,0,0,0,0,0,0,0
8.3,0,1,0,5,0.3629755921176235,0,0,0,0,0,0,0,0,0,0,0
7367.0,0,1,0,5,0.11686570450411873,0,0,0,0,0,1,0,0,0,0,0
95.5,0,1,0,5,0.16910241059427839,0,0,1,0,0,0,0,0,0,0,0
85.0,0,1,0,5,0.1764852840253361,0,0,1,0,0,0,0,0,0,0,0
6.0,0,0,1,5,0.15930832480733284,0,0,1,0,0,0,0,0,0,0,0
43.6,0,0,1,5,0.17090764029086575,0,0,1,0,0,0,0,0,0,0,0
39.0,0,0,1,5,0.1850407848974527,0,0,1,0,0,0,0,0,0,0,0
30.0,0,0,1,5,0.1613869719570182,0,0,1,0,0,0,0,0,0,0,0
24.0,0,0,1,5,0.3886598413098003,0,0,1,0,0,0,0,0,0,0,0
80.0,0,0,1,5,0.007141026120798529,0,0,1,0,0,0,0,0,0,0,0
12.0,0,0,1,5,0.21278274357804555,0,0,1,0,0,0,0,0,0,0,0
55.1,0,0,1,5,0.040805167690190956,0,0,1,0,0,0,0,0,0,0,0
24.0,0,0,1,5,0.1691197258222009,0,0,1,0,0,0,0,0,0,0,0
18.7,0,0,1,5,0.009806104849721586,0,0,1,0,0,0,0,0,0,0,0
40.4,0,0,1,5,0.004245718261733362,0,0,1,0,0,0,0,0,0,0,0
20.0,0,0,1,5,0.05460865910620159,0,0,1,0,0,0,0,0,0,0,0
22.0,0,0,1,5,0.21256411245798748,0,0,1,0,0,0,0,0,0,0,0
16.0,0,0,1,5,0.21998609654231624,0,0,1,0,0,0,0,0,0,0,0
5.0,0,0,1,5,0.16753006067877568,0,0,1,0,0,0,0,0,0,0,0
20.0,0,0,1,5,0.053243078333363024,0,0,1,0,0,0,0,0,0,0,0
20.0,0,0,1,5,0.04023023747632371,0,0,1,0,0,0,0,0,0,0,0
26.82800000000001,1,0,0,5,0.04078914097708604,0,0,1,0,0,0,0,0,0,0,0
8.7,1,0,0,5,0.05141727718206373,0,0,0,0,0,0,0,1,0,0,0
30.0,1,0,0,5,0.014294724872893317,0,0,0,0,0,1,0,0,0,0,0
6.0,1,0,0,5,0.015272920706804279,0,0,0,0,0,0,0,1,0,0,0
156.0,1,0,0,5,0.06167671631853943,0,0,0,0,0,0,0,1,0,0,0
116.0,0,1,0,5,0.008472535756409388,0,0,0,0,0,0,0,1,0,0,0
6.5,0,1,0,5,0.005430155300123106,1,0,0,0,0,0,0,0,0,0,0
9.2,0,1,0,5,0.0011111086326922228,1,0,0,0,0,0,0,0,0,0,0
191865.0,0,1,0,5,0.08790972432422198,1,0,0,0,0,0,0,0,0,0,0
10.0,0,1,0,5,0.3590954702665778,0,0,0,0,1,0,0,0,0,0,0
60.0,0,1,0,5,0.07482201665850774,0,0,0,0,0,1,0,0,0,0,0
556.0,0,1,0,5,0.00328919149283512,0,0,0,0,1,0,0,0,0,0,0
3028.0,0,1,0,5,0.056771292333329705,0,0,0,0,0,1,0,0,0,0,0
3197.5,0,1,0,5,0.015884542899381963,0,0,0,0,0,1,0,0,0,0,0
5.7,0,1,0,5,0.4497267364871611,0,0,0,1,0,0,0,0,0,0,0
18.0,0,1,0,5,0.3614065593389152,0,0,0,0,1,0,0,0,0,0,0
15.5,0,1,0,5,0.006612680167342288,0,0,0,0,1,0,0,0,0,0,0
55.0,0,1,0,5,0.04525472685021464,0,0,0,0,0,0,0,1,0,0,0
28.0,0,1,0,5,0.288820613070427,0,0,0,0,1,0,0,0,0,0,0
8.0,0,1,0,5,0.21926496734882406,0,0,0,0,1,0,0,0,0,0,0
12245.0,0,1,0,5,0.23265945090387774,0,0,0,0,0,0,1,0,0,0,0
150.0,0,1,0,5,0.00250555083991369,0,0,0,0,0,1,0,0,0,0,0
30.0,0,1,0,5,0.06897477934668146,0,0,0,0,0,0,0,1,0,0,0
10.0,0,1,0,5,0.03362493791692044,1,0,0,0,0,0,0,0,0,0,0
1112.7,0,1,0,5,0.8221075013650858,0,0,0,1,0,0,0,0,0,0,0
309.1,0,1,0,5,0.43767050682554465,0,0,0,1,0,0,0,0,0,0,0
6.2,0,1,0,5,0.02408261352641409,0,0,0,0,0,0,0,1,0,0,0
17.2,0,1,0,5,0.20460995939616275,0,0,0,0,1,0,0,0,0,0,0
465.0,0,1,0,5,0.1819348632803302,0,0,0,0,0,1,0,0,0,0,0
100.0,0,1,0,5,0.3346873892904852,0,0,0,1,0,0,0,0,0,0,0
2224.0,0,1,0,5,0.03634416607349852,0,0,0,0,0,1,0,0,0,0,0
35.0,0,1,0,5,0.2656852742211931,0,0,0,0,0,0,1,0,0,0,0
230.7,0,1,0,5,0.5531037791525276,0,0,0,0,1,0,0,0,0,0,0
6.9,0,1,0,5,0.047688198076707385,0,0,0,0,0,1,0,0,0,0,0
30.0,0,1,0,5,0.28346619495277836,0,0,0,0,0,0,1,0,0,0,0
36.3,0,0,1,5,0.04956915448711565,0,0,0,0,0,1,0,0,0,0,0
100.0,0,0,1,5,0.03544279937083401,0,0,0,0,0,1,0,0,0,0,0
6.0,0,0,1,5,0.07281364006661549,0,0,0,0,0,0,0,1,0,0,0
7.0,0,0,0,5,0.042877937444540506,0,0,0,0,0,0,0,1,0,0,0
76.0,1,0,0,5,0.03224995548947491,0,0,0,0,0,0,0,1,0,0,0
6.0,1,0,0,5,0.09735836167524202,0,0,0,0,0,0,1,0,0,0,0
5.5,1,0,0,5,0.068135515034345,0,0,0,0,0,0,0,1,0,0,0
15.0,1,0,0,5,0.006084399267243796,1,0,0,0,0,0,0,0,0,0,0
16.0,1,0,0,5,0.3139646291384163,0,0,0,0,1,0,0,0,0,0,0
21.0,1,0,0,5,0.17166818736140121,0,0,0,0,1,0,0,0,0,0,0
7.8,1,0,0,5,0.18218849142475005,0,0,0,0,1,0,0,0,0,0,0
8.1,1,0,0,5,0.04814694644278786,0,0,0,0,1,0,0,0,0,0,0
6.2,1,0,0,5,0.06234757721176197,0,0,0,0,1,0,0,0,0,0,0
58.0,0,1,0,5,0.3176964536708691,0,0,0,0,0,0,0,0,0,1,0
5.2,0,1,0,5,0.0038183801453390794,0,0,0,0,0,0,0,0,0,1,0
7.5,0,1,0,5,0.18119833073591335,0,0,0,0,0,0,0,0,0,1,0
122.2,0,1,0,5,0.4689443353592811,0,0,0,0,0,0,0,0,0,1,0
6.0,1,0,0,5,0.013949783360332443,0,1,0,0,0,0,0,0,0,0,0
23.3,1,0,0,5,0.04274586230366241,0,0,0,0,0,0,0,0,0,1,0
6.2,1,0,0,5,0.031231856855351646,0,1,0,0,0,0,0,0,0,0,0
574.0,1,0,0,5,0.05663519779236854,0,0,0,0,0,0,0,0,0,1,0
5.62,1,0,0,5,0.2198627704100397,0,1,0,0,0,0,0,0,0,0,0
7.27,1,0,0,5,0.42314895525926527,0,1,0,0,0,0,0,0,0,0,0
13.6,1,0,0,5,0.122254936930594,0,1,0,0,0,0,0,0,0,0,0
5.63,1,0,0,5,0.09404037933707866,0,1,0,0,0,0,0,0,0,0,0
22.7,1,0,0,5,0.19763924510518321,0,1,0,0,0,0,0,0,0,0,0
63.7,1,0,0,5,0.24451194666382545,0,0,0,0,0,0,0,0,0,1,0
21.6,1,0,0,5,0.4687615175822187,0,0,0,1,0,0,0,0,0,0,0
11.0,0,1,0,5,0.23081814095121037,0,0,0,0,0,0,0,0,0,1,0
40.0,0,1,0,5,0.32044870917878804,0,0,0,0,0,0,0,0,0,1,0
25.5,0,1,0,5,0.2639902082448119,0,0,0,1,0,0,0,0,0,0,0
1273.0,0,1,0,5,0.7448958097825535,0,0,0,0,0,0,0,0,0,1,0
1590.0,0,1,0,5,0.14340288679249452,0,0,0,0,0,0,0,0,0,1,0
8382.0,0,1,0,5,0.5487505913333309,0,0,0,0,0,0,0,0,0,1,0
97.9,0,1,0,5,0.30776213735178404,0,0,0,0,0,0,0,0,0,1,0
6.0,0,1,0,5,0.4768495694369919,0,0,0,0,0,0,0,0,1,0,0
8.9,0,1,0,5,0.01209169568200774,0,0,0,0,0,0,0,0,0,1,0
60.2,0,1,0,5,0.27845283514318125,0,0,0,0,0,0,0,0,0,1,0
11.8,0,1,0,5,0.4020987940801743,0,0,0,0,0,0,0,0,0,1,0
180.0,0,1,0,5,0.29171401299265565,0,0,0,0,0,0,0,0,0,1,0
2275.0,0,1,0,5,0.611756543265082,0,0,0,0,0,0,0,0,0,1,0
6670.0,0,1,0,5,0.5315959349060605,0,0,0,0,0,0,0,0,0,1,0
6.5,0,1,0,5,1.0546760692078472,0,0,0,0,0,0,0,0,0,1,0
40.0,0,1,0,5,0.724131716364091,0,0,0,0,0,0,0,0,0,1,0
2100.0,0,1,0,5,0.28075890367731043,0,0,0,1,0,0,0,0,0,0,0
10.2,0,1,0,5,0.3678356156242901,0,0,0,0,0,0,0,0,0,1,0
53.0,0,1,0,5,0.0013509988906375272,0,0,0,0,1,0,0,0,0,0,0
4655.1,0,1,0,5,1.5730716005229761,0,1,0,0,0,0,0,0,0,0,0
5.2,0,1,0,5,0.3944542431455268,0,0,0,0,0,0,0,0,0,1,0
112.0,0,1,0,5,0.6561541471151603,0,0,0,1,0,0,0,0,0,0,0
43.1,0,1,0,5,0.41136854798235756,0,0,0,0,0,0,0,0,0,1,0
229.0,0,1,0,5,0.23592225426753854,0,0,0,1,0,0,0,0,0,0,0
9.4,0,1,0,5,0.33386741635284695,0,0,0,1,0,0,0,0,0,0,0
58.0,0,1,0,5,0.233376008238579,0,0,0,1,0,0,0,0,0,0,0
15.0,0,1,0,5,1.3690142298151688,0,0,0,1,0,0,0,0,0,0,0
42.0,0,1,0,5,0.4345172441150292,0,0,0,0,0,0,0,0,0,1,0
37.2,0,1,0,5,0.4575478068761282,0,0,0,0,0,0,0,0,0,1,0
301.1,0,1,0,5,1.6514060699756574,0,1,0,0,0,0,0,0,0,0,0
58.0,0,1,0,5,0.3041758487151729,0,0,0,1,0,0,0,0,0,0,0
37.7,0,1,0,5,1.7268063246436607,0,1,0,0,0,0,0,0,0,0,0
135.0,0,1,0,5,1.4568950440943216,0,1,0,0,0,0,0,0,0,0,0
173.2,0,1,0,5,1.3376008421827013,0,1,0,0,0,0,0,0,0,0,0
173.5,0,1,0,5,0.7485946964582665,0,0,0,0,0,0,0,0,0,0,1
11.7,0,1,0,5,0.014611945011851821,0,0,0,0,0,0,0,0,0,0,1
6.0,0,0,1,5,0.042080452356635246,0,1,0,0,0,0,0,0,0,0,0
34.14,0,1,0,5,0.19430970743030335,0,0,0,1,0,0,0,0,0,0,0
5.5,0,1,0,5,0.02008483106124707,0,0,0,1,0,0,0,0,0,0,0
27.8,0,1,0,5,0.061749633031364264,0,0,0,1,0,0,0,0,0,0,0
1632.0,0,1,0,5,0.08195245982974488,0,0,0,1,0,0,0,0,0,0,0
330.0,0,1,0,5,0.5130766000247197,0,0,0,0,1,0,0,0,0,0,0
24.1,0,1,0,5,0.20270087707614243,0,0,0,0,1,0,0,0,0,0,0
445.0,0,1,0,5,0.017666111645189542,0,0,0,1,0,0,0,0,0,0,0
5.4,0,1,0,5,0.1928505757694787,0,0,0,1,0,0,0,0,0,0,0
4280.0,0,1,0,5,0.26265843057861443,0,0,0,1,0,0,0,0,0,0,0
4833.0,0,1,0,5,0.17881571679282784,0,0,0,0,0,0,1,0,0,0,0
10.5,0,1,0,5,0.3047994045593588,0,0,0,1,0,0,0,0,0,0,0
9.2,0,1,0,5,0.25856925010519916,0,0,0,1,0,0,0,0,0,0,0
1343.7,0,1,0,5,0.20857605118094716,0,0,0,1,0,0,0,0,0,0,0
1400.0,0,1,0,5,0.39741347543204364,0,0,0,0,1,0,0,0,0,0,0
39.0,0,1,0,5,0.3750288622808166,0,0,0,1,0,0,0,0,0,0,0
508.0,0,1,0,5,0.297338646830936,0,0,0,0,1,0,0,0,0,0,0
3117.0,0,1,0,5,0.10556522722931823,0,0,0,1,0,0,0,0,0,0,0
1070.0,0,1,0,5,0.5477025434077109,0,0,0,1,0,0,0,0,0,0,0
1032.5,0,1,0,5,0.04669324666099443,0,0,0,0,0,1,0,0,0,0,0
40.0,0,1,0,5,0.24100309794986652,0,0,0,1,0,0,0,0,0,0,0
310.3,0,1,0,5,0.29651038699134447,0,0,0,1,0,0,0,0,0,0,0
26399.0,0,1,0,5,0.397299475049715,0,0,0,1,0,0,0,0,0,0,0
410.0,0,1,0,5,0.07397458149696669,0,0,0,0,1,0,0,0,0,0,0
2500.0,0,1,0,5,0.4025424109756071,0,0,0,1,0,0,0,0,0,0,0
6.7,0,1,0,5,0.19815111162961485,0,0,0,0,1,0,0,0,0,0,0
11763.7,0,1,0,5,0.34567417145718693,0,0,0,1,0,0,0,0,0,0,0
322.0,0,1,0,5,0.3783653102484251,0,0,0,1,0,0,0,0,0,0,0
39.5,0,1,0,5,0.09473243171578266,0,0,0,1,0,0,0,0,0,0,0
71.0,0,1,0,5,0.1443288195927996,0,0,0,1,0,0,0,0,0,0,0
80.0,0,1,0,5,0.02324255226247597,0,0,0,1,0,0,0,0,0,0,0
213.0,0,1,0,5,0.566488558798521,0,0,0,0,1,0,0,0,0,0,0
151.0,0,1,0,5,0.15888549063907667,0,0,0,0,1,0,0,0,0,0,0
37.6,0,1,0,5,0.32720799562425085,0,0,0,1,0,0,0,0,0,0,0
2215.0,0,1,0,5,0.05825292727147374,0,0,0,1,0,0,0,0,0,0,0
203.0,0,1,0,5,0.27816978977926216,0,0,0,1,0,0,0,0,0,0,0
1751.0,0,1,0,5,0.31895389066843616,0,0,0,1,0,0,0,0,0,0,0
5800.0,0,1,0,5,0.18212861229791485,0,0,0,1,0,0,0,0,0,0,0
270.0,0,1,0,5,0.2667212327945038,0,0,0,1,0,0,0,0,0,0,0
903.1,0,1,0,5,0.5375279108435445,0,0,0,0,0,0,1,0,0,0,0
20.0,0,1,0,5,0.2559513849486609,0,0,0,1,0,0,0,0,0,0,0
15448.8,0,1,0,5,0.4594273387563475,0,0,0,0,0,0,1,0,0,0,0
398.0,0,1,0,5,0.07577396816605828,0,0,0,0,0,1,0,0,0,0,0
61.3,0,1,0,5,0.27617020345800963,0,0,0,0,0,0,1,0,0,0,0
98.0,0,1,0,5,0.40400718839688515,0,0,0,1,0,0,0,0,0,0,0
6.3,0,0,1,5,0.2612918153611858,0,0,0,0,1,0,0,0,0,0,0
