lat,long,ha,spring,summer,autumn,years_since_2012
52.745783333333335,-124.37698333333333,13.0,0,1,0,0
52.69748333333333,-123.01011666666666,6.0,0,1,0,0
53.05265,-122.967,20.0,0,0,1,0
52.512883333333335,-122.44381666666666,8.0,1,0,0,0
52.12793333333333,-121.91506666666666,12.2,1,0,0,0
52.1,-121.98333333333333,26.2,1,0,0,0
52.107166666666664,-121.99638333333333,7.0,1,0,0,0
51.91616666666667,-122.66865,86.0,1,0,0,0
51.82595,-121.86248333333333,270.0,0,1,0,0
52.15105,-122.31326666666666,5.0,0,1,0,0
51.921166666666664,-122.5895,15.0,0,0,1,0
51.1559,-121.9608,5.3,1,0,0,0
51.5771,-121.8551,11.5,0,1,0,0
51.219966666666664,-122.08753333333334,427.0,0,1,0,0
52.04115,-123.20701666666666,10.0,1,0,0,0
52.14476666666667,-123.92801666666666,8.9,1,0,0,0
52.025483333333334,-123.64891666666666,47.0,1,0,0,0
51.47958333333333,-123.84145,11.0,1,0,0,0
52.1498,-123.8561,9.0,0,1,0,0
51.978366666666666,-123.1457,11.1,0,1,0,0
52.11078333333333,-123.25143333333334,129.0,0,0,1,0
53.93685,-122.70466666666667,6.7,1,0,0,0
54.01291666666667,-124.25096666666667,27.3,1,0,0,0
54.634433333333334,-125.38326666666667,15.0,0,1,0,0
55.0951,-123.50641666666667,39.2,0,1,0,0
58.47918333333333,-126.53636666666667,473.0,0,1,0,0
58.370383333333336,-126.21695,1590.8,0,1,0,0
58.522483333333334,-126.89395,11.7,0,1,0,0
55.1703,-123.9698,36.7,0,1,0,0
55.716566666666665,-121.2164,17.7,1,0,0,0
55.71225,-121.49015,54.3,1,0,0,0
55.644133333333336,-121.58206666666666,9.8,1,0,0,0
56.07868333333333,-120.63428333333333,141.9,1,0,0,0
55.87775,-120.66358333333334,17.0,1,0,0,0
55.11383333333333,-120.90345,46.0,1,0,0,0
55.90423333333333,-121.28686666666667,7.4,1,0,0,0
55.885466666666666,-120.4668,8.5,1,0,0,0
56.07731666666667,-120.93293333333334,6.8,1,0,0,0
56.16518333333333,-120.8854,23.5,0,1,0,0
55.54075,-120.07456666666667,24.2,0,1,0,0
56.13348333333333,-120.05808333333333,5.0,1,0,0,0
56.544466666666665,-120.3536,10.3,1,0,0,0
56.52023333333333,-121.89811666666667,5.0,1,0,0,0
56.5764,-120.38566666666667,6.3,1,0,0,0
56.51421666666667,-121.94813333333333,6.1,1,0,0,0
56.28811666666667,-120.7947,28.1,1,0,0,0
56.261116666666666,-120.7109,9.1,1,0,0,0
57.21066666666667,-121.00915,19.5,1,0,0,0
57.441833333333335,-121.16833333333334,15.1,1,0,0,0
56.41,-122.19083333333333,20.0,1,0,0,0
58.31255,-120.5313,31.0,1,0,0,0
56.5764,-120.38566666666667,111.0,0,1,0,0
57.49301666666667,-121.17985,49.4,0,1,0,0
57.53033333333333,-120.15463333333334,15.0,0,1,0,0
57.179233333333336,-120.68668333333333,8.9,0,1,0,0
57.97395,-120.9617,718.2,0,1,0,0
57.559333333333335,-120.0737,9600.0,0,1,0,0
58.13665,-121.64483333333334,6.9,0,1,0,0
57.22578333333333,-120.78868333333334,751.9,0,1,0,0
56.56978333333333,-120.70808333333333,8.6,0,1,0,0
56.881166666666665,-120.286,80.2,0,1,0,0
58.16983333333334,-120.77443333333333,166.0,0,0,1,0
58.87598333333333,-120.30336666666666,23.0,1,0,0,0
59.178266666666666,-121.1203,9.3,1,0,0,0
58.96275,-121.362,25.0,1,0,0,0
59.52158333333333,-120.13676666666667,14.0,0,1,0,0
59.04245,-121.42171666666667,26.7,0,1,0,0
59.35373333333333,-120.26671666666667,12.0,0,1,0,0
59.80883333333333,-120.83083333333333,12196.3,0,1,0,0
58.88485,-121.23726666666667,7.5,0,1,0,0
58.86735,-121.20485,11.0,0,1,0,0
58.904716666666666,-121.10016666666667,25.5,0,1,0,0
58.950116666666666,-120.39923333333333,16.4,0,1,0,0
58.88385,-121.23545,2480.6,0,1,0,0
58.87695,-128.1039,128.9,0,1,0,0
59.48956666666667,-120.37135,7.6,0,1,0,0
59.41438333333333,-123.0603,5.0,0,1,0,0
59.12315,-120.1828,10.9,0,1,0,0
59.589416666666665,-123.67321666666666,3960.0,0,1,0,0
59.52045,-123.73616666666666,2540.0,0,1,0,0
58.80608333333333,-125.21223333333333,155.1,0,1,0,0
59.212783333333334,-121.9618,12.7,0,1,0,0
58.85585,-124.98203333333333,42.0,0,1,0,0
59.34043333333333,-120.98136666666667,54.0,0,1,0,0
59.34043333333333,-120.96078333333334,10.0,0,1,0,0
59.89625,-121.66176666666667,1102.3,0,1,0,0
58.35261666666667,-121.4504,6.7,0,1,0,0
59.787933333333335,-122.24036666666667,14.7,0,1,0,0
59.66035,-120.34158333333333,23.1,0,1,0,0
59.960166666666666,-127.01048333333334,878.3,0,1,0,0
59.59041666666667,-121.71066666666667,26.4,0,1,0,0
59.875366666666665,-124.79006666666666,1827.1,0,1,0,0
59.69115,-126.75668333333333,5.1,0,1,0,0
58.36266666666667,-122.064,5831.9,0,1,0,0
58.861133333333335,-127.6108,144.6,0,1,0,0
59.220216666666666,-127.66646666666666,2936.3,0,1,0,0
59.48025,-125.56275,46.0,0,1,0,0
58.388,-122.23345,6.2,0,1,0,0
59.06693333333333,-121.52745,38.5,0,1,0,0
59.8403,-121.54671666666667,780.0,0,1,0,0
58.51793333333333,-127.28576666666666,938.9,0,1,0,0
59.3315,-128.22778333333332,3010.9,0,1,0,0
59.38145,-128.20498333333333,219.0,0,1,0,0
59.82,-127.72,61.6,0,1,0,0
58.99413333333333,-120.62556666666667,24851.8,0,1,0,0
58.1366,-123.95236666666666,2499.0,0,1,0,0
57.85033333333333,-123.94775,2443.3,0,1,0,0
50.79371666666667,-120.18795,11.4,1,0,0,0
50.709383333333335,-121.30418333333333,7.9,1,0,0,0
50.75845,-121.55988333333333,6.5,0,1,0,0
50.8429,-120.34193333333333,8.5,0,1,0,0
50.671733333333336,-120.91528333333333,31.0,0,0,1,0
50.343983333333334,-120.41148333333334,14.0,0,0,1,0
50.77878333333334,-120.36016666666667,5.9,1,0,0,0
50.25375,-119.3576,35.0,0,1,0,0
50.084666666666664,-119.26208333333334,9.0,0,1,0,0
50.605716666666666,-118.57553333333334,36.2,0,1,0,0
50.09093333333333,-119.05365,17.9,0,1,0,0
50.45976666666667,-119.40678333333334,15.0,0,1,0,0
49.21156666666667,-119.84166666666667,5.9,1,0,0,0
49.97358333333333,-119.49963333333334,27.0,0,1,0,0
49.80843333333333,-119.74446666666667,214.0,0,1,0,0
49.213816666666666,-119.79831666666666,14.5,0,1,0,0
49.869883333333334,-119.3073,41.0,0,0,1,0
49.31795,-119.641,30.0,0,0,1,0
49.1461,-119.72473333333333,16.6,0,0,1,0
49.3676,-119.68105,7.3,0,0,1,0
49.91251666666667,-120.82651666666666,9.3,1,0,0,0
49.34158333333333,-120.04825,10.7,1,0,0,0
50.46405,-121.278,125.0,1,0,0,0
50.46405,-121.27815,45.0,1,0,0,0
50.49665,-121.25821666666667,6.1,1,0,0,0
50.15688333333333,-120.86405,55.0,1,0,0,0
50.13855,-120.86711666666666,6.5,1,0,0,0
50.147166666666664,-121.01251666666667,21.1,1,0,0,0
50.49805,-121.24205,12.9,1,0,0,0
49.759166666666665,-120.8066,155.0,0,1,0,0
50.16558333333333,-120.42508333333333,27.4,0,1,0,0
50.29901666666667,-120.36896666666667,7.0,0,1,0,0
50.15938333333333,-120.342,20.6,0,1,0,0
50.15176666666667,-120.7113,9.1,0,1,0,0
50.29813333333333,-119.94861666666667,15.0,0,1,0,0
50.31231666666667,-120.43048333333333,43.0,0,1,0,0
49.95288333333333,-121.09253333333334,20.0,0,1,0,0
49.6225,-120.17283333333333,15.0,0,1,0,0
49.59525,-120.64961666666666,5.1,0,1,0,0
49.73148333333334,-121.08886666666666,8.0,0,1,0,0
50.76083333333333,-121.83261666666667,29.0,1,0,0,0
50.890166666666666,-122.70203333333333,26.0,1,0,0,0
50.842933333333335,-121.70603333333334,140.0,1,0,0,0
50.40891666666667,-121.66073333333334,34.0,0,1,0,0
50.51305,-121.4755,11.0,0,1,0,0
49.52316666666667,-115.567,75.0,1,0,0,0
49.0968,-115.21803333333334,5.5,0,1,0,0
49.62488333333334,-116.6048,30.5,0,1,0,0
49.4658,-115.4488,5.0,0,0,0,0
49.6619,-115.59013333333333,8.6,0,0,0,0
50.27451666666666,-116.14333333333333,53.3,1,0,0,0
50.9319,-115.85321666666667,575.0,0,1,0,0
50.33736666666667,-116.03473333333334,25.0,0,1,0,0
50.39098333333333,-115.48615,35.0,0,1,0,0
49.5383,-118.901,431.0,0,0,1,0
51.05266666666667,-116.24228333333333,13.2,0,1,0,0
51.19788333333333,-117.86795,7.8,0,1,0,0
50.819116666666666,-118.22226666666667,7.5,0,1,0,0
50.27375,-118.18913333333333,33.1,0,1,0,0
49.184466666666665,-118.44776666666667,14.5,1,0,0,0
49.0836,-119.00028333333333,7.9,1,0,0,0
49.35626666666667,-118.8726,5.7,0,1,0,0
49.186733333333336,-118.4522,10.4,0,1,0,0
49.055166666666665,-116.38735,53.6,0,1,0,0
49.92503333333333,-117.01446666666666,10.0,0,1,0,0
49.85523333333333,-117.00063333333334,5.0,0,0,1,0
49.16891666666667,-116.39846666666666,14.0,0,0,1,0
53.198483333333336,-125.58998333333334,7450.0,0,1,0,0
54.03143333333333,-127.70655,2367.0,0,1,0,0
59.4419,-129.08751666666666,3500.0,0,1,0,0
59.466966666666664,-129.04206666666667,5.0,0,1,0,0
59.5233,-128.78775,36.6,0,1,0,0
49.8815,-123.06241666666666,46.0,0,1,0,0
50.57333333333333,-122.8583,135.0,0,1,0,0
49.85196666666667,-123.8649,10.0,0,1,0,0
50.201633333333334,-124.84881666666666,5.0,0,1,0,0
48.62995,-123.81638333333333,14.23,0,0,1,0
49.777,-125.63746666666667,313.0,0,1,0,0
50.03563333333334,-125.97778333333333,26.7,0,1,0,0
50.818666666666665,-125.40733333333333,13.0,0,1,0,0
53.000083333333336,-123.624,15.5,1,0,0,1
53.16215,-121.82683333333334,5.1,0,1,0,1
53.130583333333334,-120.8688,49.4,0,1,0,1
53.07985,-121.695,9.8,0,1,0,1
51.91405,-122.53006666666667,300.0,1,0,0,1
52.10381666666667,-121.99565,45.0,1,0,0,1
52.00673333333334,-122.47673333333333,438.0,1,0,0,1
51.6551,-122.29395,8.3,1,0,0,1
52.07848333333333,-122.36036666666666,11.1,0,1,0,1
51.76355,-122.58408333333334,8.9,0,1,0,1
52.04573333333333,-121.85356666666667,6.1,0,1,0,1
52.803266666666666,-120.44766666666666,43.0,0,1,0,1
51.4207,-121.9926,12.1,1,0,0,1
51.41433333333333,-122.16383333333333,6.4,0,1,0,1
51.18448333333333,-121.05251666666666,5.5,0,1,0,1
51.24135,-121.35018333333333,12.2,0,1,0,1
51.60576666666667,-121.9674,6.1,0,1,0,1
52.13345,-123.9702,25.0,1,0,0,1
52.11253333333333,-123.22668333333333,9.3,1,0,0,1
51.4156,-124.07605,12.0,1,0,0,1
52.00405,-123.1389,6.0,1,0,0,1
52.001083333333334,-123.15545,6.5,1,0,0,1
51.99775,-123.1514,5.0,1,0,0,1
51.728233333333336,-124.19153333333334,156.8,1,0,0,1
52.72931666666667,-125.1,1200.0,0,1,0,1
52.437133333333335,-125.39431666666667,5.0,0,0,1,1
54.05758333333333,-122.91036666666666,23.2,1,0,0,1
53.77863333333333,-122.62716666666667,14.0,1,0,0,1
53.53646666666667,-121.46763333333334,5.7,0,1,0,1
53.85183333333333,-122.97815,9.8,0,1,0,1
53.45605,-121.85058333333333,410.0,0,1,0,1
53.870733333333334,-120.79043333333334,100.0,0,1,0,1
53.654983333333334,-120.16833333333334,16.5,0,1,0,1
52.956466666666664,-120.00445,405.0,0,1,0,1
52.9697,-119.85105,5.0,0,1,0,1
52.95263333333333,-120.05961666666667,131.0,0,1,0,1
53.6068,-124.65715,9.0,0,1,0,1
54.280116666666665,-124.8334,281.9,0,1,0,1
53.80956666666667,-123.43683333333334,10.0,0,1,0,1
54.56701666666667,-124.49578333333334,6.1,1,0,0,1
55.20195,-123.62646666666667,6.2,0,1,0,1
56.1155,-122.32615,23.5,1,0,0,1
55.61761666666666,-121.84311666666666,34.0,1,0,0,1
55.7849,-121.00171666666667,52.0,1,0,0,1
55.78646666666667,-120.22466666666666,100.0,1,0,0,1
55.7409,-120.40533333333333,49.0,1,0,0,1
55.53545,-120.06781666666667,40.0,1,0,0,1
55.19688333333333,-121.70765,79.0,1,0,0,1
55.59831666666667,-120.21586666666667,60.0,1,0,0,1
55.86893333333333,-121.59781666666666,9.0,1,0,0,1
55.99163333333333,-121.26578333333333,100.0,1,0,0,1
55.67028333333333,-120.01121666666667,20.0,1,0,0,1
55.498216666666664,-120.54891666666667,13.2,1,0,0,1
56.05116666666667,-122.11165,5.7,0,0,1,1
56.265,-122.06801666666667,14.0,1,0,0,1
56.15763333333334,-120.72326666666666,35.0,1,0,0,1
56.22821666666667,-121.41551666666666,13.7,1,0,0,1
56.27125,-121.23676666666667,11.5,1,0,0,1
58.55286666666667,-120.73088333333334,9.9,0,1,0,1
59.383,-120.17801666666666,53.3,1,0,0,1
59.029783333333334,-121.14015,12.5,1,0,0,1
59.92476666666666,-120.92223333333334,66.0,1,0,0,1
59.316316666666665,-121.92611666666667,209.7,0,1,0,1
59.676833333333335,-122.20893333333333,6.4,0,1,0,1
59.30328333333333,-125.20763333333333,6.4,0,1,0,1
59.395833333333336,-126.62783333333333,1029.6,0,1,0,1
59.40388333333333,-121.77361666666667,11.3,0,1,0,1
59.107616666666665,-121.17971666666666,17.0,0,1,0,1
52.491233333333334,-119.41401666666667,73.8,0,1,0,1
52.3481,-119.13328333333334,13.2,0,1,0,1
52.6207,-120.22671666666666,29.6,0,1,0,1
52.5266,-119.52126666666666,18.4,0,1,0,1
52.06458333333333,-118.9712,64.4,0,1,0,1
52.78605,-120.18691666666666,792.0,0,1,0,1
52.5505,-119.89508333333333,16.6,0,1,0,1
52.463566666666665,-120.1801,5.7,0,1,0,1
52.620916666666666,-120.24248333333334,71.5,0,1,0,1
50.887683333333335,-121.40286666666667,16.0,1,0,0,1
50.7884,-120.96305,15.0,1,0,0,1
50.57553333333333,-120.44035,8.2,1,0,0,1
50.573566666666665,-121.28233333333333,1400.0,1,0,0,1
50.807833333333335,-120.99118333333334,10.0,1,0,0,1
50.584383333333335,-120.4457,30.0,1,0,0,1
51.183233333333334,-119.82378333333334,12.6,1,0,0,1
50.8147,-120.94526666666667,75.0,1,0,0,1
50.52011666666667,-120.91736666666667,15.6,0,1,0,1
50.71391666666667,-121.29861666666666,16.1,0,1,0,1
50.7531,-120.61753333333333,63.5,0,1,0,1
50.91961666666667,-120.17551666666667,68.7,0,1,0,1
50.87375,-118.42778333333334,18.0,0,1,0,1
50.222433333333335,-119.30436666666667,15.8,0,1,0,1
49.03861666666667,-119.42561666666667,60.0,1,0,0,1
49.298183333333334,-119.62595,69.0,0,1,0,1
49.073483333333336,-119.57823333333333,14.9,0,1,0,1
49.6345,-120.14316666666667,6.2,1,0,0,1
50.0995,-120.51358333333333,7.0,0,1,0,1
50.487716666666664,-121.29446666666666,26.0,0,1,0,1
49.52715,-120.48078333333333,10.0,1,0,0,1
50.598533333333336,-122.46106666666667,7.0,1,0,0,1
50.8653,-122.67648333333334,8.9,0,1,0,1
50.35075,-121.39306666666667,5.2,0,1,0,1
50.384116666666664,-121.6684,25.0,1,0,0,1
49.61278333333333,-115.64261666666667,6.8,1,0,0,1
49.26898333333333,-115.19256666666666,14.1,1,0,0,1
49.65991666666667,-115.69221666666667,125.0,1,0,0,1
49.200466666666664,-115.15805,12.6,0,1,0,1
50.50148333333333,-115.6117,15.5,1,0,0,1
50.650333333333336,-115.60741666666667,7.5,0,1,0,1
51.693333333333335,-118.53633333333333,16.6,0,1,0,1
51.177233333333334,-117.72143333333334,22.6,0,1,0,1
51.141216666666665,-117.80028333333334,6.8,0,1,0,1
52.21306666666667,-118.222,12.5,0,1,0,1
51.66178333333333,-116.93111666666667,6.9,0,1,0,1
51.685833333333335,-117.7071,17.0,0,0,1,1
49.62421666666667,-117.63295,64.4,0,1,0,1
50.7345,-117.57026666666667,5.0,0,1,0,1
50.9301,-117.51646666666667,6.0,0,1,0,1
49.99483333333333,-117.44925,35.0,0,1,0,1
50.38681666666667,-118.14181666666667,40.0,0,0,1,1
50.38731666666666,-118.185,32.0,0,0,1,1
50.950183333333335,-117.23266666666666,11.3,0,1,0,1
50.54605,-116.96591666666667,203.9,0,1,0,1
50.50528333333333,-117.37383333333334,36.0,0,1,0,1
50.192,-117.06883333333333,13.8,0,0,1,1
49.65456666666667,-117.17611666666667,7.6,0,0,1,1
53.802566666666664,-125.82605,7.6,1,0,0,1
54.09578333333333,-125.28735,5.6,1,0,0,1
54.31933333333333,-126.11383333333333,14.0,1,0,0,1
53.10843333333333,-126.39816666666667,7.1,0,1,0,1
54.42328333333333,-125.74358333333333,5.9,0,1,0,1
54.51038333333333,-125.42308333333334,6.0,0,1,0,1
53.27178333333333,-126.21731666666666,3700.0,0,1,0,1
53.84393333333333,-126.80406666666667,5.0,0,0,1,1
53.75378333333333,-126.87243333333333,7.2,0,0,1,1
54.10933333333333,-127.25366666666666,75.0,0,0,1,1
54.60498333333334,-126.82053333333333,14.7,1,0,0,1
55.34481666666667,-128.0362,10.0,0,1,0,1
56.19055,-127.97971666666666,103.0,0,1,0,1
55.3475,-128.8992,7.7,1,0,0,1
56.74535,-129.86521666666667,9.0,1,0,0,1
53.11031666666667,-127.54168333333334,170.0,0,1,0,1
57.4013,-130.92926666666668,3100.0,0,1,0,1
59.20033333333333,-133.974,111.0,0,1,0,1
49.602916666666665,-122.64658333333334,64.4,0,1,0,1
49.5966,-121.34478333333334,25.0,0,0,1,1
50.16936666666667,-122.4678,31.0,0,1,0,1
50.65128333333333,-124.7545,6.6,0,1,0,1
48.44703333333333,-124.13878333333334,8.0,0,0,1,1
49.40141666666667,-124.8046,80.0,0,0,1,1
48.81783333333333,-124.87248333333334,40.0,0,0,1,1
49.97723333333333,-126.07801666666667,33.2,0,0,1,1
50.01245,-126.0789,23.8,0,0,1,1
50.00675,-126.05223333333333,37.3,0,0,1,1
50.07333333333333,-126.00666666666666,30.4,0,0,1,1
50.34311666666667,-126.55408333333334,17.0,0,0,1,1
49.77495,-126.51928333333333,16.6,0,0,1,1
49.78098333333333,-126.51953333333333,13.4,0,0,1,1
50.1195,-126.02216666666666,5.0,0,0,1,1
52.2836,-126.93691666666666,178.0,0,1,0,1
51.768883333333335,-126.35918333333333,88.5,0,1,0,1
52.967166666666664,-121.0508,10.0,0,1,0,2
53.171733333333336,-120.918,28.9,0,1,0,2
52.83331666666667,-123.7095,9.0,0,1,0,2
52.71783333333333,-122.973,40.0,0,1,0,2
52.98235,-125.47826666666667,17.1,0,1,0,2
52.890033333333335,-125.0153,11.0,0,0,1,2
52.8407,-122.75036666666666,15.0,0,0,1,2
52.113,-121.997,14.9,1,0,0,2
52.264583333333334,-122.10736666666666,5.5,1,0,0,2
52.360033333333334,-122.34383333333334,122.0,0,1,0,2
51.5838,-122.30216666666666,15.4,0,1,0,2
51.19166666666667,-121.57566666666666,9.8,1,0,0,2
51.76365,-121.04853333333334,7.7,1,0,0,2
51.98936666666667,-123.14908333333334,8.5,1,0,0,2
52.14358333333333,-123.95111666666666,8.3,1,0,0,2
52.023466666666664,-123.18353333333333,84.0,1,0,0,2
52.10261666666667,-123.40425,14.5,1,0,0,2
51.42185,-124.06218333333334,8.0,1,0,0,2
52.03333333333333,-123.18636666666667,13.0,1,0,0,2
52.061033333333334,-123.22898333333333,9.0,1,0,0,2
52.086216666666665,-123.27501666666667,35.2,1,0,0,2
52.45771666666667,-125.28088333333334,16.5,1,0,0,2
51.881366666666665,-123.06621666666666,9.0,1,0,0,2
52.1352,-123.2673,5.8,0,1,0,2
52.694766666666666,-124.41708333333334,5.2,0,1,0,2
51.9605,-124.78343333333333,18.6,0,1,0,2
52.10115,-123.58508333333333,940.0,0,1,0,2
52.233,-124.57831666666667,44.5,0,1,0,2
52.72833333333333,-124.27665,609.0,0,1,0,2
52.03295,-123.18641666666667,6.0,0,1,0,2
51.43515,-124.06068333333333,12.0,0,0,1,2
52.31265,-125.17495,7.0,0,0,1,2
52.00015,-123.13186666666667,8.7,0,0,1,2
52.01031666666667,-123.16926666666667,6.4,0,0,1,2
52.12671666666667,-124.00473333333333,37.0,1,0,0,2
54.129666666666665,-122.92383333333333,5.0,1,0,0,2
54.28183333333333,-122.28201666666666,11.0,1,0,0,2
53.56048333333333,-121.44293333333333,10.8,0,1,0,2
54.603716666666664,-122.89098333333334,102.0,0,1,0,2
53.747733333333336,-122.48943333333334,12.0,0,1,0,2
53.41388333333333,-120.90185,20.0,0,1,0,2
53.37956666666667,-120.30245,50.0,0,1,0,2
52.718666666666664,-119.1535,10.0,0,1,0,2
53.92843333333333,-124.54753333333333,22.5,1,0,0,2
54.278816666666664,-124.83491666666667,28.0,1,0,0,2
53.14306666666667,-124.3816,21518.0,0,1,0,2
54.1675,-123.80931666666666,14.0,0,1,0,2
53.532133333333334,-124.01441666666666,104.0,0,1,0,2
54.22176666666667,-123.80813333333333,77.5,1,0,0,2
54.8785,-123.83336666666666,1648.0,0,1,0,2
55.19835,-124.3215,85.0,0,1,0,2
56.800666666666665,-125.71883333333334,33068.0,1,0,0,2
56.28595,-125.28775,61285.0,0,1,0,2
55.3436,-122.98843333333333,180.0,0,1,0,2
55.461333333333336,-123.09943333333334,185.0,0,1,0,2
56.12178333333333,-123.6473,2289.46,0,1,0,2
56.011783333333334,-123.51155,1386.46,0,1,0,2
56.29986666666667,-124.03868333333334,1688.34,0,1,0,2
56.14145,-125.08806666666666,1998.2,0,1,0,2
56.34315,-123.46071666666667,7979.49,0,1,0,2
56.50185,-125.23643333333334,71.7,0,1,0,2
55.297783333333335,-122.50935,1541.56,0,1,0,2
55.84226666666667,-121.66698333333333,5.5,1,0,0,2
56.1621,-122.57418333333334,17.0,0,1,0,2
54.577216666666665,-120.40796666666667,33547.0,0,1,0,2
55.81783333333333,-122.48966666666666,26280.8,0,1,0,2
56.162,-120.83316666666667,27.0,0,1,0,2
55.19003333333333,-122.01676666666667,5.0,0,1,0,2
54.524433333333334,-120.53048333333334,7.2,0,1,0,2
54.83846666666667,-120.00175,54.0,0,1,0,2
55.82136666666667,-120.86888333333333,5.0,0,1,0,2
55.179716666666664,-122.15611666666666,62.0,0,1,0,2
55.316116666666666,-122.29543333333334,10.0,0,1,0,2
55.40788333333333,-122.48681666666667,62.0,0,1,0,2
55.65773333333333,-122.59665,78.0,0,1,0,2
55.21825,-122.16443333333333,215.0,0,1,0,2
55.73505,-121.26518333333334,5.6,1,0,0,2
56.52628333333333,-122.07631666666667,35.5,1,0,0,2
56.525283333333334,-121.78875,285.0,1,0,0,2
56.214333333333336,-121.44883333333334,6.0,1,0,0,2
57.646316666666664,-120.6875,7.5,1,0,0,2
57.60628333333333,-120.78066666666666,12.0,1,0,0,2
58.095733333333335,-121.09266666666667,5.4,0,1,0,2
57.3105,-120.42748333333333,7932.0,0,1,0,2
57.442,-120.36245,10.5,0,1,0,2
56.34961666666667,-122.84266666666667,210.0,0,1,0,2
56.35366666666667,-121.22923333333334,10.9,0,1,0,2
56.64315,-121.11073333333333,17.0,0,1,0,2
56.5075,-123.0254,827.0,0,1,0,2
57.51788333333333,-121.8855,4057.0,0,1,0,2
58.340716666666665,-120.13886666666667,5.1,1,0,0,2
59.0292,-121.05508333333333,6.5,1,0,0,2
59.189166666666665,-121.97895,15.2,1,0,0,2
59.35778333333333,-121.15,13.0,0,1,0,2
59.35698333333333,-121.12735,6.8,0,1,0,2
59.20321666666667,-121.19635,1290.0,0,1,0,2
59.791666666666664,-121.85035,55.9,0,1,0,2
58.79333333333334,-120.94915,36.7,0,1,0,2
59.751333333333335,-120.28133333333334,16.9,0,1,0,2
59.3759,-121.43948333333333,37.4,0,1,0,2
59.50396666666666,-120.3898,312.3,0,1,0,2
52.375,-119.13333333333334,22.5,0,1,0,2
52.1878,-119.40781666666666,88.3,0,1,0,2
51.79861666666667,-120.29235,8.0,0,0,1,2
50.60061666666667,-119.89798333333333,5.8,1,0,0,2
50.7409,-120.76265,5.5,1,0,0,2
50.7134,-121.30961666666667,6.6,1,0,0,2
50.5764,-121.303,7.8,1,0,0,2
50.46973333333333,-120.32986666666666,15.6,1,0,0,2
50.78361666666667,-121.12258333333334,10.6,1,0,0,2
50.974983333333334,-119.9691,8.0,0,1,0,2
50.77505,-120.8948,85.0,1,0,0,2
50.53508333333333,-118.49593333333334,114.0,0,1,0,2
49.96856666666667,-118.4124,15.4,0,1,0,2
49.22091666666667,-119.81503333333333,10.0,1,0,0,2
49.10231666666667,-119.47706666666667,80.0,1,0,0,2
49.14243333333334,-119.7484,80.0,1,0,0,2
49.07726666666667,-119.55795,9.4,0,1,0,2
49.31421666666667,-119.6568,20.0,0,1,0,2
49.068866666666665,-119.55966666666667,15.0,0,1,0,2
49.035666666666664,-120.42483333333334,15.0,0,1,0,2
49.11005,-119.6023,8.2,0,1,0,2
49.41891666666667,-119.82091666666666,345.0,0,1,0,2
49.85138333333333,-119.58651666666667,7.5,0,1,0,2
49.38916666666667,-120.01256666666667,101.0,0,1,0,2
49.857483333333334,-119.6554,345.0,0,1,0,2
49.51473333333333,-119.55193333333334,5.0,0,1,0,2
49.316316666666665,-119.6999,6.71,0,1,0,2
49.809583333333336,-119.7173,40.0,0,1,0,2
49.46491666666667,-119.72236666666667,21.0,0,1,0,2
49.65656666666667,-119.30593333333333,5.3,0,1,0,2
49.11906666666667,-119.48695,19.1,0,1,0,2
49.460883333333335,-119.72778333333333,16.0,0,1,0,2
49.87213333333333,-119.21546666666667,6.2,0,1,0,2
50.271433333333334,-121.11665,5.0,1,0,0,2
49.7936,-121.02956666666667,5.0,0,1,0,2
49.75935,-121.06268333333334,400.0,0,1,0,2
49.64545,-120.42268333333334,375.0,0,1,0,2
50.219033333333336,-120.1845,34.0,0,1,0,2
50.3108,-120.35388333333333,5.0,0,1,0,2
49.52263333333333,-120.48275,182.0,0,1,0,2
50.009683333333335,-120.88658333333333,100.0,0,0,0,2
50.19793333333333,-121.06866666666667,7.0,1,0,0,2
50.78808333333333,-121.97721666666666,17.2,1,0,0,2
50.26963333333333,-121.56076666666667,1389.0,0,1,0,2
50.02766666666667,-121.57176666666666,5.0,0,1,0,2
50.64438333333333,-121.9583,5.0,0,1,0,2
50.38575,-121.81113333333333,15.0,0,1,0,2
50.274233333333335,-121.61913333333334,13.7,0,0,1,2
50.25966666666667,-121.59775,8.0,0,0,0,2
49.16166666666667,-115.10703333333333,18.3,1,0,0,2
49.298033333333336,-115.20366666666666,12.6,0,1,0,2
49.5502,-116.34963333333333,23.0,0,1,0,2
49.70066666666666,-115.4505,676.0,0,1,0,2
49.779583333333335,-116.14845,6.6,0,1,0,2
49.73285,-115.79765,11.0,0,0,0,2
49.6399,-115.75725,18.8,0,0,0,2
50.13365,-116.05203333333333,8.3,0,1,0,2
51.01201666666667,-116.91665,708.0,0,1,0,2
50.17296666666667,-115.67558333333334,1976.0,0,1,0,2
50.178916666666666,-115.15363333333333,728.0,0,1,0,2
50.555,-115.62328333333333,240.0,0,1,0,2
50.17503333333333,-115.42061666666666,1222.0,0,1,0,2
50.0886,-115.57845,117.0,0,1,0,2
50.1109,-115.08116666666666,232.0,0,1,0,2
51.8338,-117.80896666666666,40.3,0,1,0,2
51.93066666666667,-118.387,48.7,0,1,0,2
51.992866666666664,-118.60526666666667,33.4,0,1,0,2
49.702,-117.3775,14.3,0,1,0,2
49.68,-117.35333333333334,14.5,0,1,0,2
49.906166666666664,-117.2518,173.0,0,1,0,2
49.51448333333333,-117.56618333333333,73.0,0,1,0,2
49.084183333333335,-116.59366666666666,6.7,1,0,0,2
50.187333333333335,-117.07305,11.0,1,0,0,2
49.7914,-117.00821666666667,15.0,0,1,0,2
49.362183333333334,-117.10108333333334,17.0,0,1,0,2
49.2815,-116.98516666666667,45.0,0,1,0,2
50.1805,-116.62255,80.0,0,1,0,2
53.9324,-125.66208333333333,6.3,1,0,0,2
53.886383333333335,-125.78278333333333,43.0,0,1,0,2
53.39816666666667,-125.73458333333333,133100.0,0,1,0,2
53.38276666666667,-126.88991666666666,3750.0,0,1,0,2
54.3894,-126.92853333333333,5.6,0,1,0,2
54.3696,-126.42971666666666,3450.0,0,1,0,2
55.151,-126.9665,20.0,0,1,0,2
55.50496666666667,-127.77698333333333,15.0,1,0,0,2
55.4109,-128.87216666666666,36.0,1,0,0,2
54.512816666666666,-128.37956666666668,29.4,0,1,0,2
59.03403333333333,-128.47855,2830.0,0,1,0,2
49.95466666666667,-122.189,15.0,0,1,0,2
49.94385,-121.66543333333334,38.0,0,1,0,2
49.944316666666666,-121.95963333333333,540.0,0,1,0,2
50.04031666666667,-121.99603333333333,11.0,0,1,0,2
50.00025,-122.00053333333334,130.0,0,1,0,2
49.29881666666667,-121.83161666666666,6.0,0,1,0,2
50.31135,-122.71716666666667,94.5,1,0,0,2
50.333983333333336,-123.55653333333333,300.0,0,1,0,2
50.61735,-122.64008333333334,163.0,0,1,0,2
50.6923,-123.4925,6.5,0,1,0,2
48.388616666666664,-123.56301666666667,6.5,0,1,0,2
49.99041666666667,-126.1223,66.0,0,1,0,2
50.343383333333335,-126.8822,165.0,0,1,0,2
49.91545,-121.88941666666666,2985.0,0,1,0,3
49.46843333333333,-121.25475,7.7,0,1,0,3
49.4618,-121.87271666666666,1386.0,0,1,0,3
50.21095,-123.5291,5.7,1,0,0,3
50.377516666666665,-123.55571666666667,12495.0,1,0,0,3
50.67865,-123.3676,6735.0,0,1,0,3
49.97116666666667,-123.67828333333334,16.0,1,0,0,3
49.521116666666664,-123.81501666666666,423.0,0,1,0,3
49.74916666666667,-123.50851666666667,30.0,0,1,0,3
48.4686,-123.90256666666667,5.9,1,0,0,3
48.809333333333335,-123.94235,16.0,0,1,0,3
48.82515,-123.84865,9.7,0,1,0,3
48.628166666666665,-124.23861666666667,400.0,0,1,0,3
49.058166666666665,-123.84005,18.0,0,1,0,3
49.258716666666665,-124.98471666666667,450.0,0,1,0,3
50.72943333333333,-127.52558333333333,17.0,0,1,0,3
53.58206666666667,-126.7233,437.0,0,1,0,3
54.78585,-127.19576666666667,5.0,1,0,0,3
53.038866666666664,-127.45845,1159.3,0,1,0,3
56.15808333333333,-129.03658333333334,8.2,0,1,0,3
53.31475,-128.42698333333334,142.3,0,1,0,3
58.8242,-132.92678333333333,700.0,1,0,0,3
59.491816666666665,-128.57801666666666,15000.0,1,0,0,3
58.789766666666665,-133.1703,8743.0,1,0,0,3
59.262283333333336,-132.44986666666668,4070.0,1,0,0,3
57.8182,-130.42626666666666,12.0,1,0,0,3
59.91145,-134.02101666666667,23.0,0,1,0,3
53.69085,-123.4334,25000.0,1,0,0,3
53.90185,-122.95826666666666,6.0,1,0,0,3
54.93998333333333,-122.25281666666666,6.1,1,0,0,3
54.09125,-120.32341666666667,440.0,0,1,0,3
53.84866666666667,-121.39441666666667,54.0,0,1,0,3
53.49921666666667,-123.22411666666666,11.85,0,1,0,3
52.992383333333336,-119.3112,29.7,1,0,0,3
53.27975,-120.09561666666667,50.0,1,0,0,3
53.54108333333333,-123.75316666666667,420.0,1,0,0,3
54.70141666666667,-124.79763333333334,6.1,1,0,0,3
54.76395,-124.84853333333334,6.7,1,0,0,3
55.392966666666666,-124.09916666666666,44.0,1,0,0,3
57.26555,-125.1075,37.5,1,0,0,3
55.96338333333333,-123.77223333333333,31.0,1,0,0,3
58.22305,-126.86905,12845.0,1,0,0,3
58.20166666666667,-125.77655,1626.5,0,1,0,3
56.36665,-123.86666666666666,5340.0,0,1,0,3
55.88346666666666,-120.79755,44.0,1,0,0,3
55.68105,-121.66718333333333,8.6,1,0,0,3
55.19795,-120.27381666666666,15.0,1,0,0,3
55.28816666666667,-121.7375,6.5,1,0,0,3
55.150333333333336,-121.49546666666667,5.6,0,1,0,3
56.27526666666667,-121.20433333333334,28.5,1,0,0,3
56.23945,-121.06265,38.0,1,0,0,3
57.61781666666667,-121.19048333333333,545.0,1,0,0,3
58.234833333333334,-120.47498333333333,19.0,1,0,0,3
57.52668333333333,-121.41528333333333,41.0,1,0,0,3
57.96066666666667,-121.50931666666666,905.0,1,0,0,3
57.85965,-120.98233333333333,12.0,1,0,0,3
57.8946,-120.01635,81.0,1,0,0,3
56.88153333333333,-121.5127,7.8,1,0,0,3
57.904666666666664,-120.153,20000.0,0,1,0,3
57.69716666666667,-121.36216666666667,20.0,0,1,0,3
57.552416666666666,-121.1796,20.0,0,1,0,3
57.74151666666667,-122.73623333333333,15.0,0,1,0,3
58.24948333333333,-121.4477,47.0,0,1,0,3
59.74755,-124.29725,139.2,1,0,0,3
58.065,-122.46833333333333,1966.8,1,0,0,3
58.79833333333333,-120.8445,38.4,1,0,0,3
59.2895,-122.91483333333333,5.2,1,0,0,3
59.40133333333333,-121.1278,25.3,1,0,0,3
58.960033333333335,-124.29683333333334,18070.6,1,0,0,3
59.07808333333333,-120.02528333333333,393.8,1,0,0,3
59.5177,-127.8654,35327.7,1,0,0,3
59.5636,-125.28,305.8,1,0,0,3
59.43188333333333,-121.16731666666666,946.7,1,0,0,3
58.98778333333333,-124.99528333333333,223.7,1,0,0,3
58.29833333333333,-123.22833333333334,61.8,1,0,0,3
59.670116666666665,-121.07233333333333,7.1,0,1,0,3
59.355266666666665,-121.08305,207.0,0,1,0,3
59.62838333333333,-121.42043333333334,4175.6,0,1,0,3
59.45778333333333,-120.74721666666667,22.5,0,1,0,3
59.563,-121.5055,5.5,0,1,0,3
59.63218333333333,-126.69225,366.4,0,1,0,3
59.69035,-120.8206,2204.6,0,1,0,3
59.77343333333334,-121.00456666666666,1280.4,0,1,0,3
59.8536,-121.34088333333334,13498.6,0,1,0,3
59.63511666666667,-120.0221,6254.2,0,1,0,3
59.18448333333333,-122.36458333333333,1047.0,0,1,0,3
59.527166666666666,-121.22331666666666,22.0,0,1,0,3
59.25805,-121.62,27.2,0,1,0,3
59.233333333333334,-120.00001666666667,1918.3,0,1,0,3
58.07966666666667,-121.95748333333333,2421.1,0,1,0,3
58.742783333333335,-123.12416666666667,3994.4,0,1,0,3
58.98505,-122.02691666666666,1399.4,0,1,0,3
59.0994,-121.56376666666667,39.3,0,1,0,3
59.76685,-120.33956666666667,3151.8,0,1,0,3
58.709516666666666,-122.01263333333333,36.0,0,1,0,3
59.67755,-124.44663333333334,2395.6,0,1,0,3
59.8586,-124.41916666666667,26.6,0,1,0,3
58.71066666666667,-122.96101666666667,9.4,0,1,0,3
59.3511,-125.60945,343.4,1,0,0,3
58.3245,-122.75415,7803.8,0,1,0,3
59.980066666666666,-127.43526666666666,10827.3,0,1,0,3
58.41416666666667,-121.4086,307.0,0,1,0,3
51.711166666666664,-119.71803333333334,66.2,1,0,0,3
51.6057,-119.74475,5.8,0,1,0,3
52.47545,-119.81336666666667,30.7,0,1,0,3
51.66843333333333,-119.45395,32.0,0,1,0,3
51.470333333333336,-119.47633333333333,21.0,0,1,0,3
52.0703,-119.5145,21.0,0,1,0,3
50.60615,-121.3339,39.5,0,1,0,3
51.1669,-120.27175,25.0,0,1,0,3
50.89083333333333,-121.42233333333333,7.2,0,1,0,3
50.58625,-121.22621666666667,230.0,0,1,0,3
50.39703333333333,-120.40378333333334,235.0,0,1,0,3
50.5269,-119.56713333333333,348.0,0,1,0,3
49.01526666666667,-119.73013333333333,100.0,1,0,0,3
49.1534,-120.02005,13.2,1,0,0,3
49.109516666666664,-119.76603333333334,70.0,0,1,0,3
49.0471,-119.4198,20.0,0,1,0,3
49.00321666666667,-119.90526666666666,588.0,0,1,0,3
49.858333333333334,-119.26465,55.0,0,1,0,3
49.15291666666667,-120.2044,147.0,0,1,0,3
50.045966666666665,-119.5099,460.0,0,1,0,3
49.201166666666666,-119.58953333333334,130.0,0,1,0,3
49.0,-119.26955,50.0,0,1,0,3
49.12275,-119.62355,5202.0,0,1,0,3
49.201283333333336,-119.57155,317.0,0,1,0,3
49.76665,-119.80131666666666,6.0,0,1,0,3
49.718983333333334,-119.43786666666666,194.0,0,1,0,3
49.70591666666667,-119.43421666666667,6.0,0,1,0,3
49.82626666666667,-120.5206,11.0,1,0,0,3
49.208333333333336,-120.37666666666667,24.0,0,1,0,3
50.09125,-120.69368333333334,45.0,0,1,0,3
50.32845,-121.07195,400.0,0,1,0,3
49.922783333333335,-120.6942,8.1,0,1,0,3
50.533683333333336,-122.15631666666667,130.0,1,0,0,3
50.731883333333336,-122.22563333333333,8.0,1,0,0,3
50.163783333333335,-121.58483333333334,2174.0,1,0,0,3
50.3741,-121.40065,11.2,0,1,0,3
50.614216666666664,-122.38741666666667,45.0,0,1,0,3
49.68638333333333,-115.73855,7.8,1,0,0,3
49.57698333333333,-115.71413333333334,6.5,0,1,0,3
49.7506,-115.79068333333333,7.0,0,1,0,3
49.89711666666667,-116.30491666666667,207.0,0,1,0,3
49.19155,-115.1504,117.0,0,1,0,3
49.508583333333334,-116.59353333333334,250.0,0,1,0,3
49.8198,-116.61046666666667,189.0,0,1,0,3
49.5503,-116.5723,200.0,0,1,0,3
49.06636666666667,-115.5768,110.0,0,1,0,3
49.737033333333336,-116.57351666666666,70.0,0,1,0,3
49.187,-115.59366666666666,1250.0,0,1,0,3
49.8707,-115.639,6.2,1,0,0,3
50.9603,-116.41503333333333,54.0,0,1,0,3
51.16063333333334,-117.09953333333333,115.0,0,1,0,3
49.8331,-115.75071666666666,19.0,0,1,0,3
51.42948333333333,-117.08183333333334,18.0,1,0,0,3
51.95726666666667,-117.38983333333333,126.0,1,0,0,3
51.85958333333333,-117.93763333333334,13.0,0,1,0,3
50.653866666666666,-117.68721666666667,145.0,0,1,0,3
49.1964,-117.14595,200.0,0,1,0,3
50.79938333333333,-117.63203333333334,5.8,0,1,0,3
49.13395,-117.15598333333334,40.0,0,1,0,3
49.0503,-117.92963333333333,227.0,0,1,0,3
50.77755,-117.80418333333333,47.0,0,1,0,3
49.5283,-117.97668333333333,1240.0,0,1,0,3
49.4651,-118.1557,23.0,0,1,0,3
49.58201666666667,-117.90291666666667,74.9,0,1,0,3
49.6132,-118.24936666666666,71.0,0,1,0,3
49.14955,-118.98995,26.1,0,1,0,3
49.2048,-118.88448333333334,6.4,0,1,0,3
49.04685,-118.8293,17.7,0,1,0,3
49.23785,-119.02908333333333,7.6,0,1,0,3
49.068616666666664,-118.29206666666667,6.8,0,1,0,3
49.225633333333334,-118.27018333333334,9.0,0,1,0,3
49.31936666666667,-118.52141666666667,18.85,0,1,0,3
49.57781666666666,-118.94471666666666,71.0,0,1,0,3
49.072433333333336,-119.00863333333334,4417.0,0,1,0,3
49.2741,-118.41383333333333,1966.0,0,1,0,3
49.155966666666664,-118.11813333333333,320.0,0,1,0,3
49.613083333333336,-118.46813333333333,303.0,0,1,0,3
49.38255,-118.28631666666666,277.3,0,1,0,3
50.36201666666667,-117.19216666666667,470.0,0,1,0,3
50.853366666666666,-117.17698333333334,48.4,0,1,0,3
49.62088333333333,-117.23108333333333,777.0,0,1,0,3
49.444316666666666,-116.731,22.8,0,1,0,3
50.44141666666667,-116.8956,70.6,0,1,0,3
50.1561,-117.1243,10.6,0,1,0,3
50.41775,-116.94906666666667,13.0,0,1,0,3
49.1522,-116.25265,7.1,0,1,0,3
49.257583333333336,-116.92478333333334,5.1,0,1,0,3
49.39405,-116.46376666666667,41.5,0,1,0,3
49.3871,-116.51723333333334,165.0,0,1,0,3
49.1594,-116.67025,480.0,0,1,0,3
50.35431666666667,-116.85876666666667,78.4,0,1,0,3
49.91566666666667,-117.00795,12.0,0,0,1,3
53.35766666666667,-123.50216666666667,164.0,1,0,0,3
51.9032,-122.45736666666667,38.2,1,0,0,3
51.84993333333333,-122.48235,355.0,1,0,0,3
51.86915,-122.29315,24.8,0,1,0,3
51.9035,-122.67916666666666,655.0,0,1,0,3
52.017583333333334,-122.4914,38.2,0,1,0,3
52.0957,-121.9952,17.1,0,0,0,3
52.098533333333336,-121.99313333333333,5.0,1,0,0,3
52.10756666666666,-121.99548333333334,7.0,1,0,0,3
52.11358333333333,-122.0071,13.1,1,0,0,3
51.55,-122.26666666666667,60.0,1,0,0,3
51.397016666666666,-121.8731,7.0,1,0,0,3
52.035666666666664,-123.1877,9.0,1,0,0,3
52.00975,-123.1613,10.0,1,0,0,3
52.1068,-123.22751666666667,24.5,1,0,0,3
51.993316666666665,-123.15846666666667,5.7,1,0,0,3
52.11255,-123.43475,25.0,1,0,0,3
52.33148333333333,-124.3201,11.2,1,0,0,3
52.215516666666666,-124.13478333333333,8089.0,0,1,0,3
51.75026666666667,-124.0287,8.0,0,1,0,3
51.0645,-124.034,378.87,0,1,0,3
51.733,-123.20015,11.1,0,1,0,3
49.1357,-123.0066,78.0,0,1,0,4
49.09245,-121.79768333333334,17.2,0,1,0,4
50.19923333333333,-124.84396666666666,5.2,0,1,0,4
49.40046666666667,-125.00715,5.8,0,1,0,4
50.19071666666667,-125.52141666666667,7.0,0,1,0,4
50.37388333333333,-126.40861666666666,27.0,0,0,1,4
51.53098333333333,-125.65896666666667,189.9,0,1,0,4
52.775416666666665,-127.00406666666667,10.0,0,1,0,4
52.1583,-128.03606666666667,150.0,0,0,0,4
54.004583333333336,-125.71595,26.0,1,0,0,4
53.975433333333335,-125.73256666666667,11.9,1,0,0,4
53.851933333333335,-125.65028333333333,129.5,1,0,0,4
54.08955,-125.42575,15.9,0,1,0,4
53.32631666666666,-126.6784,17.0,0,1,0,4
53.599383333333336,-127.23625,9.8,0,1,0,4
55.129583333333336,-128.08856666666668,6.0,1,0,0,4
54.40935,-128.82718333333332,8.0,1,0,0,4
53.95425,-128.782,13.0,0,1,0,4
59.553016666666664,-128.50063333333333,160.0,0,1,0,4
56.711166666666664,-130.67073333333335,100.0,0,1,0,4
57.9628,-128.56761666666668,8.0,0,1,0,4
58.93855,-132.00443333333334,439.0,0,1,0,4
59.61998333333333,-129.02776666666668,57.0,0,1,0,4
59.801433333333335,-129.34858333333332,4687.0,0,1,0,4
54.11728333333333,-121.9434,14.0,1,0,0,4
53.300983333333335,-123.20041666666667,6.5,1,0,0,4
53.79615,-123.40298333333334,7.0,0,1,0,4
52.32508333333333,-118.37211666666667,16.8,0,1,0,4
53.92613333333333,-124.1423,7.0,1,0,0,4
53.976416666666665,-123.80943333333333,17.6,1,0,0,4
55.867333333333335,-121.6545,20.0,1,0,0,4
55.833133333333336,-121.8554,59.1,1,0,0,4
56.04855,-122.03638333333333,40.0,1,0,0,4
55.25001666666667,-120.01846666666667,18.0,1,0,0,4
56.05015,-121.96131666666666,272.1,1,0,0,4
55.86606666666667,-121.65083333333334,37.0,1,0,0,4
55.726366666666664,-121.21761666666667,641.0,1,0,0,4
55.979366666666664,-121.35133333333333,447.0,1,0,0,4
55.66898333333334,-120.71233333333333,475.0,1,0,0,4
55.4233,-120.15741666666666,18.0,1,0,0,4
55.60025,-121.57555,9.7,1,0,0,4
55.61313333333333,-121.40458333333333,539.0,1,0,0,4
56.099383333333336,-120.69065,897.0,1,0,0,4
55.85316666666667,-120.49066666666667,16.4,1,0,0,4
56.10305,-121.99928333333334,510.0,1,0,0,4
55.62705,-120.58355,14.0,1,0,0,4
56.1276,-122.08171666666667,13.6,1,0,0,4
55.45895,-120.32693333333333,74.0,1,0,0,4
55.99106666666667,-121.66383333333333,13.0,1,0,0,4
55.9869,-120.34511666666667,58.5,0,1,0,4
56.255766666666666,-121.00791666666667,20.0,1,0,0,4
56.1999,-120.63883333333334,420.0,1,0,0,4
56.5175,-120.7405,100.0,1,0,0,4
56.5937,-121.19508333333333,15739.0,1,0,0,4
56.223216666666666,-121.43046666666666,500.0,1,0,0,4
56.377383333333334,-121.13885,25.0,1,0,0,4
56.449283333333334,-121.17115,52.0,1,0,0,4
56.283883333333335,-121.08846666666666,250.0,1,0,0,4
56.11601666666667,-120.16853333333333,96.0,1,0,0,4
56.5229,-120.4328,62700.0,1,0,0,4
56.25641666666667,-121.63746666666667,5636.0,1,0,0,4
57.00095,-121.4809,237.0,1,0,0,4
57.05433333333333,-121.90611666666666,131.0,1,0,0,4
56.76405,-121.86103333333334,79.0,1,0,0,4
56.6526,-120.86665,84.0,1,0,0,4
56.58545,-120.49745,300.0,1,0,0,4
56.28671666666666,-121.42666666666666,236.0,1,0,0,4
56.30165,-120.29336666666667,31.0,1,0,0,4
56.3186,-120.24223333333333,25.0,1,0,0,4
57.76255,-122.32121666666667,13.0,1,0,0,4
58.452,-121.16553333333333,14.4,0,1,0,4
58.057833333333335,-120.69833333333334,16.6,0,1,0,4
58.79868333333334,-125.02796666666667,29.7,1,0,0,4
58.28491666666667,-121.72811666666666,6.0,1,0,0,4
59.147483333333334,-127.6038,101.3,0,1,0,4
58.83598333333333,-121.6204,22.4,0,1,0,4
59.35016666666667,-124.09163333333333,8.3,0,1,0,4
59.47816666666667,-128.17353333333332,98.1,0,1,0,4
59.63078333333333,-120.9177,21.2,0,1,0,4
58.529266666666665,-121.05238333333334,20.9,0,1,0,4
59.520383333333335,-120.07395,60.0,0,1,0,4
58.873333333333335,-121.48316666666666,19.9,0,1,0,4
59.03881666666667,-121.50831666666667,13.8,0,1,0,4
59.89383333333333,-121.91988333333333,392.6,0,1,0,4
59.155433333333335,-121.07013333333333,13.7,0,1,0,4
50.79056666666666,-120.91905,9.0,1,0,0,4
50.80061666666667,-121.59846666666667,12.9,1,0,0,4
50.57208333333333,-121.30578333333334,5.47,1,0,0,4
50.650333333333336,-120.82071666666667,17.0,0,1,0,4
50.209716666666665,-119.37446666666666,6.0,0,1,0,4
49.200266666666664,-119.68535,16.0,1,0,0,4
49.9207,-119.77681666666666,14.0,0,1,0,4
49.93258333333333,-119.51066666666667,60.34,0,1,0,4
49.344516666666664,-119.58098333333334,16.3,0,1,0,4
49.79606666666667,-120.68451666666667,92.5,1,0,0,4
49.210116666666664,-120.69633333333333,5.0,0,1,0,4
49.60528333333333,-120.18016666666666,11.7,0,1,0,4
49.438,-120.30813333333333,5.0,0,1,0,4
50.26578333333333,-121.58411666666666,31.0,1,0,0,4
50.12096666666667,-121.56626666666666,8.0,1,0,0,4
50.8583,-121.8574,12.0,1,0,0,4
50.201816666666666,-121.58615,538.0,0,1,0,4
49.67165,-115.75831666666667,37.0,1,0,0,4
49.63131666666666,-115.72931666666666,6.8,1,0,0,4
49.006566666666664,-114.96911666666666,24.0,1,0,0,4
49.707283333333336,-115.78675,6.3,0,1,0,4
51.841433333333335,-118.67081666666667,15.0,0,1,0,4
50.637483333333336,-117.62626666666667,20.2,0,1,0,4
49.5115,-117.65976666666667,20.6,0,1,0,4
49.016283333333334,-118.32943333333333,224.0,1,0,0,4
49.64026666666667,-118.45738333333334,145.9,0,1,0,4
52.55995,-122.48416666666667,8.0,1,0,0,4
52.97553333333333,-123.60161666666667,398.5,1,0,0,4
53.046866666666666,-120.73421666666667,18.7,0,1,0,4
51.5929,-123.01968333333333,17.0,1,0,0,4
51.914316666666664,-122.30596666666666,11.9,0,1,0,4
51.84198333333333,-122.60233333333333,8.55,0,1,0,4
52.10991666666666,-121.99556666666666,5.3,1,0,0,4
51.214166666666664,-121.23855,26.0,1,0,0,4
52.45876666666667,-125.28523333333334,10.5,1,0,0,4
51.480383333333336,-123.808,11.0,1,0,0,4
52.24868333333333,-123.71863333333333,11.8,1,0,0,4
52.4655,-125.4058,20.0,1,0,0,4
52.45515,-125.4278,8.0,1,0,0,4
52.47076666666667,-125.33246666666666,6.7,1,0,0,4
52.2702,-123.99006666666666,200.0,1,0,0,4
51.367666666666665,-124.90595,30.0,0,1,0,4
51.9492,-123.13521666666666,8.7,1,0,0,5
51.989733333333334,-123.1615,8.0,1,0,0,5
53.16795,-123.0337,132.2,1,0,0,5
51.755633333333336,-121.83433333333333,27.4,1,0,0,5
51.7428,-121.99993333333333,25.9,0,1,0,5
52.015,-122.90053333333333,41.8,0,1,0,5
52.40496666666667,-121.54605,196.0,0,1,0,5
51.65411666666667,-121.3987,5711.0,0,1,0,5
52.81028333333333,-122.30361666666667,595.0,0,1,0,5
52.66526666666667,-122.48826666666666,127.2,0,1,0,5
52.13321666666667,-122.00396666666667,4121.7,0,1,0,5
52.40745,-121.78701666666667,28.0,0,1,0,5
51.401833333333336,-121.05933333333333,40.9,0,1,0,5
52.4804,-122.58685,5648.0,0,1,0,5
52.50338333333333,-123.08471666666667,521012.0,0,1,0,5
52.17641666666667,-121.83343333333333,3387.0,0,1,0,5
52.20863333333333,-122.05525,12723.0,0,1,0,5
52.22795,-122.34036666666667,13211.0,0,1,0,5
52.30133333333333,-122.2254,278.0,0,1,0,5
51.944,-123.16863333333333,239298.0,0,1,0,5
51.96083333333333,-125.01598333333334,25558.0,0,1,0,5
52.34875,-121.97066666666667,13.8,0,1,0,5
52.43483333333333,-121.72056666666667,859.0,0,1,0,5
52.3983,-124.72458333333333,92.3,0,1,0,5
53.22763333333333,-124.03775,21870.0,0,1,0,5
53.17896666666667,-123.9645,260.0,0,1,0,5
52.9342,-121.86738333333334,97.3,0,1,0,5
52.6125,-121.33943333333333,640.0,0,1,0,5
53.1212,-120.84963333333333,587.0,0,1,0,5
52.82958333333333,-121.55255,1712.0,0,1,0,5
53.145183333333335,-120.82105,226.39,0,1,0,5
52.60016666666667,-121.03901666666667,577.0,0,1,0,5
52.806666666666665,-121.0575,1375.0,0,1,0,5
52.61168333333333,-121.1722,4831.0,0,1,0,5
52.79881666666667,-120.70816666666667,872.0,0,1,0,5
52.566833333333335,-121.20633333333333,1248.0,0,1,0,5
52.6181,-120.55821666666667,1725.0,0,1,0,5
51.607933333333335,-123.66996666666667,26.0,0,1,0,5
52.75736666666667,-121.61533333333334,36.8,0,1,0,5
51.759366666666665,-120.90103333333333,197.3,0,1,0,5
51.8241,-120.91961666666667,29.7,0,1,0,5
52.790166666666664,-121.17545,6.0,0,1,0,5
52.6452,-120.28931666666666,15.0,0,1,0,5
52.6611,-120.71905,561.0,0,1,0,5
52.73676666666667,-121.16145,14.0,0,1,0,5
52.574866666666665,-125.41536666666667,45.0,0,0,1,5
52.51165,-121.76608333333333,5.2,0,0,1,5
49.198433333333334,-124.58911666666667,14.9,0,1,0,5
49.57553333333333,-121.81133333333334,202.0,0,1,0,5
52.464533333333335,-127.0645,8.3,0,1,0,5
52.36795,-125.78176666666667,7367.0,0,1,0,5
49.415283333333335,-121.75158333333333,95.5,0,1,0,5
50.458333333333336,-126.69395,85.0,0,1,0,5
50.06506666666667,-125.6712,6.0,0,0,1,5
48.5973,-124.01751666666667,43.6,0,0,1,5
48.63746666666667,-124.04155,39.0,0,0,1,5
48.92508333333333,-124.51596666666667,30.0,0,0,1,5
49.63785,-122.59341666666667,24.0,0,0,1,5
50.28735,-126.69973333333333,80.0,0,0,1,5
49.46138333333333,-121.70078333333333,12.0,0,0,1,5
48.440533333333335,-123.88278333333334,55.1,0,0,1,5
48.625933333333336,-124.49293333333334,24.0,0,0,1,5
48.4059,-123.95098333333334,18.7,0,0,1,5
48.42046666666667,-123.95266666666667,40.4,0,0,1,5
49.3657,-124.84953333333333,20.0,0,0,1,5
48.648783333333334,-124.52988333333333,22.0,0,0,1,5
48.63981666666667,-124.54353333333333,16.0,0,0,1,5
49.45053333333333,-125.35121666666667,5.0,0,0,1,5
49.8605,-125.9809,20.0,0,0,1,5
50.287166666666664,-126.35783333333333,20.0,0,0,1,5
49.28756666666666,-121.9021,26.828000000000007,1,0,0,5
50.29246666666667,-121.64445,8.7,1,0,0,5
50.59615,-121.79071666666667,30.0,1,0,0,5
50.2565,-121.40931666666667,6.0,1,0,0,5
50.742533333333334,-120.55995,156.0,1,0,0,5
49.191433333333336,-119.72546666666666,116.0,0,1,0,5
49.37765,-119.58033333333333,6.5,0,1,0,5
50.71288333333333,-120.62256666666667,9.2,0,1,0,5
50.699783333333336,-121.2976,191865.0,0,1,0,5
51.378616666666666,-119.39911666666667,10.0,0,1,0,5
51.43525,-120.15815,60.0,0,1,0,5
51.3971,-120.2542,556.0,0,1,0,5
51.46915,-120.15661666666666,3028.0,0,1,0,5
49.57436666666667,-120.57818333333333,3197.5,0,1,0,5
51.48748333333333,-118.98405,5.7,0,1,0,5
51.61601666666667,-118.9413,18.0,0,1,0,5
51.5695,-120.20965,15.5,0,1,0,5
50.03446666666667,-119.44528333333334,55.0,0,1,0,5
51.62563333333333,-119.17646666666667,28.0,0,1,0,5
50.98716666666667,-119.12906666666666,8.0,0,1,0,5
49.0035,-120.4418,12245.0,0,1,0,5
50.532466666666664,-119.83806666666666,150.0,0,1,0,5
50.32993333333334,-121.39531666666667,30.0,0,1,0,5
49.01855,-119.41501666666667,10.0,0,1,0,5
52.49086666666667,-120.45593333333333,1112.7,0,1,0,5
52.83051666666667,-120.10606666666666,309.1,0,1,0,5
50.19923333333333,-121.07026666666667,6.2,0,1,0,5
51.4885,-119.6306,17.2,0,1,0,5
49.86405,-119.19325,465.0,0,1,0,5
51.606516666666664,-118.9096,100.0,0,1,0,5
49.72976666666667,-119.82903333333333,2224.0,0,1,0,5
49.667766666666665,-119.28151666666666,35.0,0,1,0,5
52.34308333333333,-119.8737,230.7,0,1,0,5
49.17326666666666,-119.81801666666667,6.9,0,1,0,5
51.02676666666667,-122.4442,30.0,0,1,0,5
49.202666666666666,-119.67861666666667,36.3,0,0,1,5
49.17755,-119.78893333333333,100.0,0,0,1,5
49.757666666666665,-119.69526666666667,6.0,0,0,1,5
50.24805,-121.58931666666666,7.0,0,0,0,5
50.26133333333333,-121.58978333333333,76.0,1,0,0,5
50.21338333333333,-121.17866666666667,6.0,1,0,0,5
50.21765,-121.58928333333333,5.5,1,0,0,5
50.157916666666665,-120.84616666666666,15.0,1,0,0,5
55.5009,-127.76685,16.0,1,0,0,5
55.38745,-127.67836666666666,21.0,1,0,0,5
55.41641666666666,-127.61848333333333,7.8,1,0,0,5
55.23461666666667,-128.0477,8.1,1,0,0,5
55.249583333333334,-127.66743333333334,6.2,1,0,0,5
54.03418333333333,-126.72333333333333,58.0,0,1,0,5
54.06178333333333,-125.31623333333333,5.2,0,1,0,5
53.86855,-125.77345,7.5,0,1,0,5
55.08156666666667,-125.8424,122.2,0,1,0,5
55.71765,-121.21055,6.0,1,0,0,5
53.3511,-122.62026666666667,23.3,1,0,0,5
56.305233333333334,-121.16213333333333,6.2,1,0,0,5
52.976216666666666,-119.34058333333333,574.0,1,0,0,5
59.29885,-123.14188333333334,5.62,1,0,0,5
58.463883333333335,-122.21993333333333,7.27,1,0,0,5
59.2048,-122.52968333333334,13.6,1,0,0,5
59.21845,-122.57641666666666,5.63,1,0,0,5
59.289183333333334,-122.50033333333333,22.7,1,0,0,5
54.14085,-123.3637,63.7,1,0,0,5
54.394283333333334,-121.72651666666667,21.6,1,0,0,5
55.52948333333333,-123.64531666666667,11.0,0,1,0,5
53.47795,-123.03865,40.0,0,1,0,5
53.42281666666667,-122.3,25.5,0,1,0,5
53.263416666666664,-124.7088,1273.0,0,1,0,5
54.16406666666666,-124.55653333333333,1590.0,0,1,0,5
53.50013333333333,-125.11231666666667,8382.0,0,1,0,5
54.3935,-122.91428333333333,97.9,0,1,0,5
53.42381666666667,-123.668,6.0,0,1,0,5
53.78836666666667,-123.04575,8.9,0,1,0,5
54.85771666666667,-123.23063333333333,60.2,0,1,0,5
54.806133333333335,-123.34328333333333,11.8,0,1,0,5
53.6092,-123.66818333333333,180.0,0,1,0,5
53.39816666666667,-124.90453333333333,2275.0,0,1,0,5
53.4902,-124.51136666666666,6670.0,0,1,0,5
55.175016666666664,-124.93445,6.5,0,1,0,5
55.59425,-126.0206,40.0,0,1,0,5
52.31366666666667,-118.37048333333334,2100.0,0,1,0,5
53.45231666666667,-123.18648333333333,10.2,0,1,0,5
53.68398333333333,-121.15263333333333,53.0,0,1,0,5
59.72005,-120.86561666666667,4655.1,0,1,0,5
54.23965,-123.18615,5.2,0,1,0,5
53.360533333333336,-124.55318333333334,112.0,0,1,0,5
54.31653333333333,-121.60455,43.1,0,1,0,5
54.75573333333333,-121.32685,229.0,0,1,0,5
56.098,-123.39145,9.4,0,1,0,5
55.402633333333334,-122.082,58.0,0,1,0,5
56.97815,-124.65055,15.0,0,1,0,5
55.98283333333333,-123.119,42.0,0,1,0,5
55.886833333333335,-124.1715,37.2,0,1,0,5
59.45348333333333,-121.00118333333333,301.1,0,1,0,5
55.99151666666667,-123.36628333333333,58.0,0,1,0,5
59.56458333333333,-120.87551666666667,37.7,0,1,0,5
59.7423,-121.30353333333333,135.0,0,1,0,5
59.024683333333336,-120.94705,173.2,0,1,0,5
57.740566666666666,-123.68936666666667,173.5,0,1,0,5
58.765566666666665,-124.9415,11.7,0,1,0,5
56.48523333333333,-121.19001666666666,6.0,0,0,1,5
49.710633333333334,-115.1804,34.14,0,1,0,5
50.01286666666667,-117.33823333333333,5.5,0,1,0,5
49.889133333333334,-117.8282,27.8,0,1,0,5
51.446616666666664,-117.5542,1632.0,0,1,0,5
50.37165,-116.71386666666666,330.0,0,1,0,5
50.131083333333336,-118.14986666666667,24.1,0,1,0,5
50.63686666666667,-117.79145,445.0,0,1,0,5
49.77728333333334,-117.75936666666666,5.4,0,1,0,5
50.12535,-116.7983,4280.0,0,1,0,5
50.98928333333333,-115.82975,4833.0,0,1,0,5
49.32573333333333,-114.62461666666667,10.5,0,1,0,5
49.51466666666666,-118.0202,9.2,0,1,0,5
51.08056666666667,-117.57676666666667,1343.7,0,1,0,5
50.422716666666666,-117.20078333333333,1400.0,0,1,0,5
49.03093333333333,-115.5409,39.0,0,1,0,5
51.45483333333333,-117.97531666666667,508.0,0,1,0,5
49.529016666666664,-117.02871666666667,3117.0,0,1,0,5
50.604866666666666,-117.2274,1070.0,0,1,0,5
50.01648333333333,-115.75285,1032.5,0,1,0,5
49.92133333333334,-116.66066666666667,40.0,0,1,0,5
50.99511666666667,-117.54473333333334,310.3,0,1,0,5
50.21296666666667,-115.34708333333333,26399.0,0,1,0,5
49.02673333333333,-117.3498,410.0,0,1,0,5
49.542,-118.52236666666667,2500.0,0,1,0,5
49.0131,-118.02701666666667,6.7,0,1,0,5
49.87146666666666,-115.319,11763.7,0,1,0,5
49.82991666666667,-116.25166666666667,322.0,0,1,0,5
50.0098,-117.70226666666667,39.5,0,1,0,5
50.27751666666666,-117.57653333333333,71.0,0,1,0,5
49.62315,-117.1715,80.0,0,1,0,5
51.8824,-117.93295,213.0,0,1,0,5
51.4819,-118.2289,151.0,0,1,0,5
50.87193333333333,-117.58693333333333,37.6,0,1,0,5
49.0,-115.36666666666666,1285.4,0,1,0,5
49.31665,-115.87833333333333,2215.0,0,1,0,5
50.5552,-115.33248333333333,203.0,0,1,0,5
49.28333333333333,-114.76633333333334,1751.0,0,1,0,5
49.21955,-114.93926666666667,5800.0,0,1,0,5
49.37048333333333,-114.59615,270.0,0,1,0,5
49.00436666666667,-114.4116,903.1,0,1,0,5
49.427566666666664,-116.3802,20.0,0,1,0,5
49.059733333333334,-114.30248333333333,15448.8,0,1,0,5
49.62206666666667,-115.70065,398.0,0,1,0,5
50.3451,-115.59926666666667,61.3,0,1,0,5
49.0942,-114.70295,98.0,0,1,0,5
49.61431666666667,-116.17786666666667,6.3,0,0,1,5
